  0
SECTION
  2
HEADER
  9
$ACADVER
  1
AC1015
  9
$ACADMAINTVER
 70
     6
  9
$DWGCODEPAGE
  3
ANSI_1252
  9
$INSBASE
 10
0.0
 20
0.0
 30
0.0
  9
$EXTMIN
 10
0.0
 20
0.0
 30
0.0
  9
$EXTMAX
 10
841.0
 20
594.0
 30
0.0
  9
$LIMMIN
 10
0.0
 20
0.0
  9
$LIMMAX
 10
841.0
 20
594.0
  9
$ORTHOMODE
 70
     0
  9
$REGENMODE
 70
     1
  9
$FILLMODE
 70
     1
  9
$QTEXTMODE
 70
     0
  9
$MIRRTEXT
 70
     1
  9
$LTSCALE
 40
1.0
  9
$ATTMODE
 70
     1
  9
$TEXTSIZE
 40
3.5
  9
$TRACEWID
 40
1.0
  9
$TEXTSTYLE
  7
Standard
  9
$CLAYER
  8
0
  9
$CELTYPE
  6
ByLayer
  9
$CECOLOR
 62
   256
  9
$CELTSCALE
 40
1.0
  9
$DISPSILH
 70
     0
  9
$DIMSCALE
 40
1.0
  9
$DIMASZ
 40
3.302
  9
$DIMEXO
 40
1.0
  9
$DIMDLI
 40
3.75
  9
$DIMRND
 40
0.0
  9
$DIMDLE
 40
0.0
  9
$DIMEXE
 40
1.0
  9
$DIMTP
 40
0.0
  9
$DIMTM
 40
0.0
  9
$DIMTXT
 40
3.5
  9
$DIMCEN
 40
2.5
  9
$DIMTSZ
 40
0.0
  9
$DIMTOL
 70
     0
  9
$DIMLIM
 70
     0
  9
$DIMTIH
 70
     1
  9
$DIMTOH
 70
     1
  9
$DIMSE1
 70
     0
  9
$DIMSE2
 70
     0
  9
$DIMTAD
 70
     1
  9
$DIMZIN
 70
     1
  9
$DIMBLK
  1

  9
$DIMASO
 70
     1
  9
$DIMSHO
 70
     1
  9
$DIMPOST
  1

  9
$DIMAPOST
  1

  9
$DIMALT
 70
     0
  9
$DIMALTD
 70
     3
  9
$DIMALTF
 40
0.0393700787
  9
$DIMLFAC
 40
2.0
  9
$DIMTOFL
 70
     1
  9
$DIMTVP
 40
0.0
  9
$DIMTIX
 70
     0
  9
$DIMSOXD
 70
     0
  9
$DIMSAH
 70
     0
  9
$DIMBLK1
  1

  9
$DIMBLK2
  1

  9
$DIMSTYLE
  2
ISO-25
  9
$DIMCLRD
 70
     0
  9
$DIMCLRE
 70
     0
  9
$DIMCLRT
 70
     0
  9
$DIMTFAC
 40
1.0
  9
$DIMGAP
 40
1.524
  9
$DIMJUST
 70
     0
  9
$DIMSD1
 70
     0
  9
$DIMSD2
 70
     0
  9
$DIMTOLJ
 70
     0
  9
$DIMTZIN
 70
     1
  9
$DIMALTZ
 70
     0
  9
$DIMALTTZ
 70
     0
  9
$DIMUPT
 70
     0
  9
$DIMDEC
 70
     2
  9
$DIMTDEC
 70
     2
  9
$DIMALTU
 70
     2
  9
$DIMALTTD
 70
     3
  9
$DIMTXSTY
  7
Standard
  9
$DIMAUNIT
 70
     0
  9
$DIMADEC
 70
     2
  9
$DIMALTRND
 40
0.0
  9
$DIMAZIN
 70
     0
  9
$DIMDSEP
 70
    44
  9
$DIMATFIT
 70
     3
  9
$DIMFRAC
 70
     0
  9
$DIMLDRBLK
  1

  9
$DIMLUNIT
 70
     2
  9
$DIMLWD
 70
    -2
  9
$DIMLWE
 70
    -2
  9
$DIMTMOVE
 70
     0
  9
$LUNITS
 70
     2
  9
$LUPREC
 70
     2
  9
$SKETCHINC
 40
1.0
  9
$FILLETRAD
 40
0.0
  9
$AUNITS
 70
     0
  9
$AUPREC
 70
     2
  9
$MENU
  1
.
  9
$ELEVATION
 40
0.0
  9
$PELEVATION
 40
0.0
  9
$THICKNESS
 40
0.0
  9
$LIMCHECK
 70
     0
  9
$CHAMFERA
 40
0.0
  9
$CHAMFERB
 40
0.0
  9
$CHAMFERC
 40
0.0
  9
$CHAMFERD
 40
0.0
  9
$SKPOLY
 70
     0
  9
$TDCREATE
 40
2461257.666717385
  9
$TDUCREATE
 40
2461257.916717385
  9
$TDUPDATE
 40
2461257.666719977
  9
$TDUUPDATE
 40
2461257.916719977
  9
$TDINDWG
 40
0.0000000116
  9
$TDUSRTIMER
 40
0.0000000116
  9
$USRTIMER
 70
     1
  9
$ANGBASE
 50
0.0
  9
$ANGDIR
 70
     0
  9
$PDMODE
 70
     0
  9
$PDSIZE
 40
-1.0
  9
$PLINEWID
 40
0.0
  9
$SPLFRAME
 70
     0
  9
$SPLINETYPE
 70
     6
  9
$SPLINESEGS
 70
     8
  9
$HANDSEED
  5
41B
  9
$SURFTAB1
 70
     6
  9
$SURFTAB2
 70
     6
  9
$SURFTYPE
 70
     6
  9
$SURFU
 70
     6
  9
$SURFV
 70
     6
  9
$UCSBASE
  2

  9
$UCSNAME
  2

  9
$UCSORG
 10
0.0
 20
0.0
 30
0.0
  9
$UCSXDIR
 10
1.0
 20
0.0
 30
0.0
  9
$UCSYDIR
 10
0.0
 20
1.0
 30
0.0
  9
$UCSORTHOREF
  2

  9
$UCSORTHOVIEW
 70
     0
  9
$UCSORGTOP
 10
0.0
 20
0.0
 30
0.0
  9
$UCSORGBOTTOM
 10
0.0
 20
0.0
 30
0.0
  9
$UCSORGLEFT
 10
0.0
 20
0.0
 30
0.0
  9
$UCSORGRIGHT
 10
0.0
 20
0.0
 30
0.0
  9
$UCSORGFRONT
 10
0.0
 20
0.0
 30
0.0
  9
$UCSORGBACK
 10
0.0
 20
0.0
 30
0.0
  9
$PUCSBASE
  2

  9
$PUCSNAME
  2

  9
$PUCSORG
 10
0.0
 20
0.0
 30
0.0
  9
$PUCSXDIR
 10
1.0
 20
0.0
 30
0.0
  9
$PUCSYDIR
 10
0.0
 20
1.0
 30
0.0
  9
$PUCSORTHOREF
  2

  9
$PUCSORTHOVIEW
 70
     0
  9
$PUCSORGTOP
 10
0.0
 20
0.0
 30
0.0
  9
$PUCSORGBOTTOM
 10
0.0
 20
0.0
 30
0.0
  9
$PUCSORGLEFT
 10
0.0
 20
0.0
 30
0.0
  9
$PUCSORGRIGHT
 10
0.0
 20
0.0
 30
0.0
  9
$PUCSORGFRONT
 10
0.0
 20
0.0
 30
0.0
  9
$PUCSORGBACK
 10
0.0
 20
0.0
 30
0.0
  9
$USERI1
 70
     0
  9
$USERI2
 70
     0
  9
$USERI3
 70
     0
  9
$USERI4
 70
     0
  9
$USERI5
 70
     0
  9
$USERR1
 40
0.0
  9
$USERR2
 40
0.0
  9
$USERR3
 40
0.0
  9
$USERR4
 40
0.0
  9
$USERR5
 40
0.0
  9
$WORLDVIEW
 70
     1
  9
$SHADEDGE
 70
     3
  9
$SHADEDIF
 70
    70
  9
$TILEMODE
 70
     1
  9
$MAXACTVP
 70
    64
  9
$PINSBASE
 10
0.0
 20
0.0
 30
0.0
  9
$PLIMCHECK
 70
     0
  9
$PEXTMIN
 10
1.0000000000E+20
 20
1.0000000000E+20
 30
1.0000000000E+20
  9
$PEXTMAX
 10
-1.0000000000E+20
 20
-1.0000000000E+20
 30
-1.0000000000E+20
  9
$PLIMMIN
 10
0.0
 20
0.0
  9
$PLIMMAX
 10
420.0
 20
297.0
  9
$UNITMODE
 70
     0
  9
$VISRETAIN
 70
     1
  9
$PLINEGEN
 70
     0
  9
$PSLTSCALE
 70
     1
  9
$TREEDEPTH
 70
  3020
  9
$CMLSTYLE
  2
Standard
  9
$CMLJUST
 70
     0
  9
$CMLSCALE
 40
20.0
  9
$PROXYGRAPHICS
 70
     1
  9
$MEASUREMENT
 70
     1
  9
$CELWEIGHT
370
    -1
  9
$ENDCAPS
280
     0
  9
$JOINSTYLE
280
     0
  9
$LWDISPLAY
290
     1
  9
$INSUNITS
 70
     4
  9
$HYPERLINKBASE
  1

  9
$STYLESHEET
  1

  9
$XEDIT
290
     1
  9
$CEPSNTYPE
380
     0
  9
$PSTYLEMODE
290
     1
  9
$FINGERPRINTGUID
  2
{b6911b98-3c2e-461e-bc0a-8c75b8235bc0}
  9
$VERSIONGUID
  2
{FAEB1C32-E019-11D5-929B-00C0DF256EC4}
  9
$EXTNAMES
290
     1
  9
$PSVPSCALE
 40
0.0
  9
$OLESTARTUP
290
     0
  0
ENDSEC
  0
SECTION
  2
CLASSES
  0
CLASS
  1
ACDBDICTIONARYWDFLT
  2
AcDbDictionaryWithDefault
  3
ObjectDBX Classes
 90
        0
280
     0
281
     0
  0
CLASS
  1
VISUALSTYLE
  2
AcDbVisualStyle
  3
ObjectDBX Classes
 90
     4095
280
     0
281
     0
  0
CLASS
  1
MATERIAL
  2
AcDbMaterial
  3
ObjectDBX Classes
 90
     1153
280
     0
281
     0
  0
CLASS
  1
SCALE
  2
AcDbScale
  3
ObjectDBX Classes
 90
     1153
280
     0
281
     0
  0
CLASS
  1
TABLESTYLE
  2
AcDbTableStyle
  3
ObjectDBX Classes
 90
     4095
280
     0
281
     0
  0
CLASS
  1
MLEADERSTYLE
  2
AcDbMLeaderStyle
  3
ACDB_MLEADERSTYLE_CLASS
 90
     4095
280
     0
281
     0
  0
CLASS
  1
SUN
  2
AcDbSun
  3
SCENEOE
 90
     1153
280
     0
281
     0
  0
CLASS
  1
ACDBPLACEHOLDER
  2
AcDbPlaceHolder
  3
ObjectDBX Classes
 90
        0
280
     0
281
     0
  0
CLASS
  1
LAYOUT
  2
AcDbLayout
  3
ObjectDBX Classes
 90
        0
280
     0
281
     0
  0
ENDSEC
  0
SECTION
  2
TABLES
  0
TABLE
  2
VPORT
  5
8
330
0
100
AcDbSymbolTable
 70
     1
  0
VPORT
  5
29
330
8
100
AcDbSymbolTableRecord
100
AcDbViewportTableRecord
  2
*Active
 70
     0
 10
0.0
 20
0.0
 11
1.0
 21
1.0
 12
420.5
 22
297.0
 13
0.0
 23
0.0
 14
10.0
 24
10.0
 15
10.0
 25
10.0
 16
0.0
 26
0.0
 36
1.0
 17
0.0
 27
0.0
 37
0.0
 40
594.0
 41
1.4158249158
 42
50.0
 43
0.0
 44
0.0
 50
0.0
 51
0.0
 71
     0
 72
  2000
 73
     1
 74
     3
 75
     0
 76
     0
 77
     0
 78
     0
281
     0
 65
     1
110
0.0
120
0.0
130
0.0
111
1.0
121
0.0
131
0.0
112
0.0
122
1.0
132
0.0
 79
     0
146
0.0
  0
ENDTAB
  0
TABLE
  2
LTYPE
  5
5
330
0
100
AcDbSymbolTable
 70
     6
  0
LTYPE
  5
14
330
5
100
AcDbSymbolTableRecord
100
AcDbLinetypeTableRecord
  2
ByBlock
 70
     0
  3

 72
    65
 73
     0
 40
0.0
  0
LTYPE
  5
15
330
5
100
AcDbSymbolTableRecord
100
AcDbLinetypeTableRecord
  2
ByLayer
 70
     0
  3

 72
    65
 73
     0
 40
0.0
  0
LTYPE
  5
16
330
5
100
AcDbSymbolTableRecord
100
AcDbLinetypeTableRecord
  2
Continuous
 70
     0
  3
Solid line
 72
    65
 73
     0
 40
0.0
  0
LTYPE
  5
5E
330
5
100
AcDbSymbolTableRecord
100
AcDbLinetypeTableRecord
  2
HIDDEN
 70
     0
  3
Hidden __ __ __ __ __ __ __ __ __ __ __ __ __ __
 72
    65
 73
     2
 40
1.905
 49
1.27
 74
     0
 49
-0.635
 74
     0
  0
LTYPE
  5
5F
330
5
100
AcDbSymbolTableRecord
100
AcDbLinetypeTableRecord
  2
PHANTOM
 70
     0
  3
Phantom ______  __  __  ______  __  __  ______
 72
    65
 73
     6
 40
12.7
 49
6.35
 74
     0
 49
-1.27
 74
     0
 49
1.27
 74
     0
 49
-1.27
 74
     0
 49
1.27
 74
     0
 49
-1.27
 74
     0
  0
LTYPE
  5
60
330
5
100
AcDbSymbolTableRecord
100
AcDbLinetypeTableRecord
  2
CENTER
 70
     0
  3
Center ____ _ ____ _ ____ _ ____ _ ____ _ ____
 72
    65
 73
     4
 40
10.16
 49
6.35
 74
     0
 49
-1.27
 74
     0
 49
1.27
 74
     0
 49
-1.27
 74
     0
  0
LTYPE
  5
61
330
5
100
AcDbSymbolTableRecord
100
AcDbLinetypeTableRecord
  2
CENTERX2
 70
     0
  3
Center (2x) ________  __  ________  __  _____
 72
    65
 73
     4
 40
20.32
 49
12.7
 74
     0
 49
-2.54
 74
     0
 49
2.54
 74
     0
 49
-2.54
 74
     0
  0
LTYPE
  5
62
330
5
100
AcDbSymbolTableRecord
100
AcDbLinetypeTableRecord
  2
DOT2
 70
     0
  3
Dot (.5x) ........................................
 72
    65
 73
     2
 40
0.635
 49
0.0
 74
     0
 49
-0.635
 74
     0
  0
ENDTAB
  0
TABLE
  2
LAYER
  5
2
330
0
100
AcDbSymbolTable
 70
     2
  0
LAYER
  5
10
330
2
100
AcDbSymbolTableRecord
100
AcDbLayerTableRecord
  2
0
 70
     0
 62
     7
  6
Continuous
370
    -3
390
F
  0
LAYER
  5
63
330
2
100
AcDbSymbolTableRecord
100
AcDbLayerTableRecord
  2
FORMAT
 70
     0
 62
     7
  6
Continuous
370
    -3
390
F
  0
ENDTAB
  0
TABLE
  2
STYLE
  5
3
330
0
100
AcDbSymbolTable
 70
     4
  0
STYLE
  5
11
330
3
100
AcDbSymbolTableRecord
100
AcDbTextStyleTableRecord
  2
Standard
 70
     0
 40
0.0
 41
1.0
 50
0.0
 71
     0
 42
3.5
  3
txt
  4

  0
STYLE
  5
BD
330
3
100
AcDbSymbolTableRecord
100
AcDbTextStyleTableRecord
  2
SLDTEXTSTYLE0
 70
     0
 40
0.0
 41
0.75
 50
0.0
 71
     0
 42
3.5
  3
TXT
  4

  0
STYLE
  5
116
330
3
100
AcDbSymbolTableRecord
100
AcDbTextStyleTableRecord
  2
SLDTEXTSTYLE1
 70
     0
 40
0.0
 41
0.6818181818
 50
0.0
 71
     0
 42
3.5
  3
TXT
  4

  0
STYLE
  5
11A
330
3
100
AcDbSymbolTableRecord
100
AcDbTextStyleTableRecord
  2
SLDTEXTSTYLE2
 70
     0
 40
0.0
 41
0.7
 50
0.0
 71
     0
 42
3.5
  3
TXT
  4

  0
ENDTAB
  0
TABLE
  2
VIEW
  5
6
330
0
100
AcDbSymbolTable
 70
     0
  0
ENDTAB
  0
TABLE
  2
UCS
  5
7
330
0
100
AcDbSymbolTable
 70
     0
  0
ENDTAB
  0
TABLE
  2
APPID
  5
9
330
0
100
AcDbSymbolTable
 70
     1
  0
APPID
  5
12
330
9
100
AcDbSymbolTableRecord
100
AcDbRegAppTableRecord
  2
ACAD
 70
     0
  0
ENDTAB
  0
TABLE
  2
DIMSTYLE
  5
A
330
0
100
AcDbSymbolTable
 70
     1
100
AcDbDimStyleTable
  0
DIMSTYLE
105
27
330
A
100
AcDbSymbolTableRecord
100
AcDbDimStyleTableRecord
  2
ISO-25
 70
     0
 41
2.5
 42
0.625
 43
3.75
 44
1.25
 73
     0
 74
     0
 77
     1
 78
     8
140
2.5
141
2.5
143
0.0393700787
147
0.625
171
     3
172
     1
178
     0
271
     2
272
     2
274
     3
278
    44
283
     0
284
     8
340
11
  0
ENDTAB
  0
TABLE
  2
BLOCK_RECORD
  5
1
330
0
100
AcDbSymbolTable
 70
    28
  0
BLOCK_RECORD
  5
1F
330
1
100
AcDbSymbolTableRecord
100
AcDbBlockTableRecord
  2
*Model_Space
340
22
  0
BLOCK_RECORD
  5
1B
330
1
100
AcDbSymbolTableRecord
100
AcDbBlockTableRecord
  2
*Paper_Space
340
1E
  0
BLOCK_RECORD
  5
23
330
1
100
AcDbSymbolTableRecord
100
AcDbBlockTableRecord
  2
*Paper_Space0
340
26
  0
BLOCK_RECORD
  5
FB
330
1
100
AcDbSymbolTableRecord
100
AcDbBlockTableRecord
  2
SW_NOTE_0
340
0
102
{BLKREFS
331
104
102
}
  0
BLOCK_RECORD
  5
106
330
1
100
AcDbSymbolTableRecord
100
AcDbBlockTableRecord
  2
SW_NOTE_0_1
340
0
102
{BLKREFS
331
10C
102
}
  0
BLOCK_RECORD
  5
2EE
330
1
100
AcDbSymbolTableRecord
100
AcDbBlockTableRecord
  2
SW_CENTERMARKSYMBOL_0
340
0
102
{BLKREFS
331
2F9
102
}
  0
BLOCK_RECORD
  5
2FA
330
1
100
AcDbSymbolTableRecord
100
AcDbBlockTableRecord
  2
SW_CENTERMARKSYMBOL_1
340
0
102
{BLKREFS
331
305
102
}
  0
BLOCK_RECORD
  5
306
330
1
100
AcDbSymbolTableRecord
100
AcDbBlockTableRecord
  2
SW_CENTERMARKSYMBOL_2
340
0
102
{BLKREFS
331
311
102
}
  0
BLOCK_RECORD
  5
312
330
1
100
AcDbSymbolTableRecord
100
AcDbBlockTableRecord
  2
SW_CENTERMARKSYMBOL_3
340
0
102
{BLKREFS
331
31D
102
}
  0
BLOCK_RECORD
  5
31E
330
1
100
AcDbSymbolTableRecord
100
AcDbBlockTableRecord
  2
SW_CENTERMARKSYMBOL_4
340
0
102
{BLKREFS
331
329
102
}
  0
BLOCK_RECORD
  5
32A
330
1
100
AcDbSymbolTableRecord
100
AcDbBlockTableRecord
  2
SW_CENTERMARKSYMBOL_5
340
0
102
{BLKREFS
331
335
102
}
  0
BLOCK_RECORD
  5
336
330
1
100
AcDbSymbolTableRecord
100
AcDbBlockTableRecord
  2
SW_CENTERMARKSYMBOL_6
340
0
102
{BLKREFS
331
341
102
}
  0
BLOCK_RECORD
  5
342
330
1
100
AcDbSymbolTableRecord
100
AcDbBlockTableRecord
  2
SW_CENTERMARKSYMBOL_7
340
0
102
{BLKREFS
331
34D
102
}
  0
BLOCK_RECORD
  5
34E
330
1
100
AcDbSymbolTableRecord
100
AcDbBlockTableRecord
  2
SW_CENTERMARKSYMBOL_8
340
0
102
{BLKREFS
331
359
102
}
  0
BLOCK_RECORD
  5
35A
330
1
100
AcDbSymbolTableRecord
100
AcDbBlockTableRecord
  2
SW_CENTERMARKSYMBOL_9
340
0
102
{BLKREFS
331
365
102
}
  0
BLOCK_RECORD
  5
366
330
1
100
AcDbSymbolTableRecord
100
AcDbBlockTableRecord
  2
SW_CENTERMARKSYMBOL_10
340
0
102
{BLKREFS
331
371
102
}
  0
BLOCK_RECORD
  5
372
330
1
100
AcDbSymbolTableRecord
100
AcDbBlockTableRecord
  2
SW_CENTERMARKSYMBOL_11
340
0
102
{BLKREFS
331
37D
102
}
  0
BLOCK_RECORD
  5
37E
330
1
100
AcDbSymbolTableRecord
100
AcDbBlockTableRecord
  2
SW_CENTERMARKSYMBOL_12
340
0
102
{BLKREFS
331
389
102
}
  0
BLOCK_RECORD
  5
38A
330
1
100
AcDbSymbolTableRecord
100
AcDbBlockTableRecord
  2
SW_CENTERMARKSYMBOL_13
340
0
102
{BLKREFS
331
395
102
}
  0
BLOCK_RECORD
  5
396
330
1
100
AcDbSymbolTableRecord
100
AcDbBlockTableRecord
  2
SW_CENTERMARKSYMBOL_14
340
0
102
{BLKREFS
331
3A1
102
}
  0
BLOCK_RECORD
  5
3A2
330
1
100
AcDbSymbolTableRecord
100
AcDbBlockTableRecord
  2
SW_CENTERMARKSYMBOL_15
340
0
102
{BLKREFS
331
3AD
102
}
  0
BLOCK_RECORD
  5
3AE
330
1
100
AcDbSymbolTableRecord
100
AcDbBlockTableRecord
  2
SW_CENTERMARKSYMBOL_16
340
0
102
{BLKREFS
331
3B9
102
}
  0
BLOCK_RECORD
  5
3BA
330
1
100
AcDbSymbolTableRecord
100
AcDbBlockTableRecord
  2
SW_CENTERMARKSYMBOL_17
340
0
102
{BLKREFS
331
3C5
102
}
  0
BLOCK_RECORD
  5
3C6
330
1
100
AcDbSymbolTableRecord
100
AcDbBlockTableRecord
  2
SW_CENTERMARKSYMBOL_18
340
0
102
{BLKREFS
331
3D1
102
}
  0
BLOCK_RECORD
  5
3D2
330
1
100
AcDbSymbolTableRecord
100
AcDbBlockTableRecord
  2
SW_CENTERMARKSYMBOL_19
340
0
102
{BLKREFS
331
3DD
102
}
  0
BLOCK_RECORD
  5
3DE
330
1
100
AcDbSymbolTableRecord
100
AcDbBlockTableRecord
  2
SW_CENTERMARKSYMBOL_20
340
0
102
{BLKREFS
331
3E9
102
}
  0
BLOCK_RECORD
  5
3EA
330
1
100
AcDbSymbolTableRecord
100
AcDbBlockTableRecord
  2
SW_CENTERMARKSYMBOL_21
340
0
102
{BLKREFS
331
3F5
102
}
  0
BLOCK_RECORD
  5
3F6
330
1
100
AcDbSymbolTableRecord
100
AcDbBlockTableRecord
  2
SW_CENTERMARKSYMBOL_22
340
0
102
{BLKREFS
331
401
102
}
  0
BLOCK_RECORD
  5
402
330
1
100
AcDbSymbolTableRecord
100
AcDbBlockTableRecord
  2
SW_CENTERMARKSYMBOL_23
340
0
102
{BLKREFS
331
40D
102
}
  0
BLOCK_RECORD
  5
40E
330
1
100
AcDbSymbolTableRecord
100
AcDbBlockTableRecord
  2
SW_CENTERMARKSYMBOL_24
340
0
102
{BLKREFS
331
419
102
}
  0
ENDTAB
  0
ENDSEC
  0
SECTION
  2
BLOCKS
  0
BLOCK
  5
20
330
1F
100
AcDbEntity
  8
0
100
AcDbBlockBegin
  2
*Model_Space
 70
     0
 10
0.0
 20
0.0
 30
0.0
  3
*Model_Space
  1

  0
ENDBLK
  5
21
330
1F
100
AcDbEntity
  8
0
100
AcDbBlockEnd
  0
BLOCK
  5
1C
330
1B
100
AcDbEntity
 67
     1
  8
0
100
AcDbBlockBegin
  2
*Paper_Space
 70
     0
 10
0.0
 20
0.0
 30
0.0
  3
*Paper_Space
  1

  0
ENDBLK
  5
1D
330
1B
100
AcDbEntity
 67
     1
  8
0
100
AcDbBlockEnd
  0
BLOCK
  5
24
330
23
100
AcDbEntity
  8
0
100
AcDbBlockBegin
  2
*Paper_Space0
 70
     0
 10
0.0
 20
0.0
 30
0.0
  3
*Paper_Space0
  1

  0
ENDBLK
  5
25
330
23
100
AcDbEntity
  8
0
100
AcDbBlockEnd
  0
BLOCK
  5
FC
330
FB
100
AcDbEntity
  8
0
100
AcDbBlockBegin
  2
SW_NOTE_0
 70
     0
 10
0.0
 20
0.0
 30
0.0
  3
SW_NOTE_0
  1

  0
MTEXT
  5
FE
330
FB
100
AcDbEntity
  8
0
  6
Continuous
 62
     0
370
     0
100
AcDbMText
 10
0.0
 20
1.9336016097
 30
0.0
 40
1.5
 41
0.0
 71
     1
 72
     1
  1
SI NO SE INDICA LO CONTRARIO:
  7
SLDTEXTSTYLE0
 73
     1
 44
1.0
  0
MTEXT
  5
FF
330
FB
100
AcDbEntity
  8
0
  6
Continuous
 62
     0
370
     0
100
AcDbMText
 10
0.0
 20
-0.5663983345
 30
0.0
 40
1.5
 41
0.0
 71
     1
 72
     1
  1
LAS COTAS SE EXPRESAN EN MM
  7
SLDTEXTSTYLE0
 73
     1
 44
1.0
  0
MTEXT
  5
100
330
FB
100
AcDbEntity
  8
0
  6
Continuous
 62
     0
370
     0
100
AcDbMText
 10
0.0
 20
-3.0663982786
 30
0.0
 40
1.5
 41
0.0
 71
     1
 72
     1
  1
ACABADO SUPERFICIAL:
  7
SLDTEXTSTYLE0
 73
     1
 44
1.0
  0
MTEXT
  5
101
330
FB
100
AcDbEntity
  8
0
  6
Continuous
 62
     0
370
     0
100
AcDbMText
 10
0.0
 20
-5.5663982227
 30
0.0
 40
1.5
 41
0.0
 71
     1
 72
     1
  1
TOLERANCIAS:
  7
SLDTEXTSTYLE0
 73
     1
 44
1.0
  0
MTEXT
  5
102
330
FB
100
AcDbEntity
  8
0
  6
Continuous
 62
     0
370
     0
100
AcDbMText
 10
1.6875
 20
-8.0663981668
 30
0.0
 40
1.5
 41
0.0
 71
     1
 72
     1
  1
LINEAL:
  7
SLDTEXTSTYLE0
 73
     1
 44
1.0
  0
MTEXT
  5
103
330
FB
100
AcDbEntity
  8
0
  6
Continuous
 62
     0
370
     0
100
AcDbMText
 10
1.6875
 20
-10.5663981109
 30
0.0
 40
1.5
 41
0.0
 71
     1
 72
     1
  1
ANGULAR:
  7
SLDTEXTSTYLE0
 73
     1
 44
1.0
  0
ENDBLK
  5
FD
330
FB
100
AcDbEntity
  8
0
100
AcDbBlockEnd
  0
BLOCK
  5
107
330
106
100
AcDbEntity
  8
0
100
AcDbBlockBegin
  2
SW_NOTE_0_1
 70
     0
 10
0.0
 20
0.0
 30
0.0
  3
SW_NOTE_0_1
  1

  0
MTEXT
  5
109
330
106
100
AcDbEntity
  8
0
  6
Continuous
 62
     0
370
     0
100
AcDbMText
 10
0.0
 20
1.9336016097
 30
0.0
 40
1.5
 41
0.0
 71
     1
 72
     1
  1
REBARBAR Y
  7
SLDTEXTSTYLE0
 73
     1
 44
1.0
  0
MTEXT
  5
10A
330
106
100
AcDbEntity
  8
0
  6
Continuous
 62
     0
370
     0
100
AcDbMText
 10
0.0
 20
-0.5663983345
 30
0.0
 40
1.5
 41
0.0
 71
     1
 72
     1
  1
ROMPER ARISTAS
  7
SLDTEXTSTYLE0
 73
     1
 44
1.0
  0
MTEXT
  5
10B
330
106
100
AcDbEntity
  8
0
  6
Continuous
 62
     0
370
     0
100
AcDbMText
 10
0.0
 20
-3.0663982786
 30
0.0
 40
1.5
 41
0.0
 71
     1
 72
     1
  1
VIVAS
  7
SLDTEXTSTYLE0
 73
     1
 44
1.0
  0
ENDBLK
  5
108
330
106
100
AcDbEntity
  8
0
100
AcDbBlockEnd
  0
BLOCK
  5
2EF
330
2EE
100
AcDbEntity
  8
0
100
AcDbBlockBegin
  2
SW_CENTERMARKSYMBOL_0
 70
     0
 10
0.0
 20
0.0
 30
0.0
  3
SW_CENTERMARKSYMBOL_0
  1

  0
LINE
  5
2F1
330
2EE
100
AcDbEntity
  8
0
  6
Continuous
 62
     0
370
    18
100
AcDbLine
 10
0.0
 20
0.0
 30
0.0
 11
0.0
 21
2.5
 31
0.0
  0
LINE
  5
2F2
330
2EE
100
AcDbEntity
  8
0
  6
Continuous
 62
     0
370
    18
100
AcDbLine
 10
0.0
 20
0.0
 30
0.0
 11
-2.5
 21
0.0
 31
0.0
  0
LINE
  5
2F3
330
2EE
100
AcDbEntity
  8
0
  6
Continuous
 62
     0
370
    18
100
AcDbLine
 10
0.0
 20
0.0
 30
0.0
 11
0.0
 21
-2.5
 31
0.0
  0
LINE
  5
2F4
330
2EE
100
AcDbEntity
  8
0
  6
Continuous
 62
     0
370
    18
100
AcDbLine
 10
0.0
 20
0.0
 30
0.0
 11
2.5
 21
0.0
 31
0.0
  0
LINE
  5
2F5
330
2EE
100
AcDbEntity
  8
0
  6
Continuous
 62
     0
370
    18
100
AcDbLine
 10
0.0
 20
2.5
 30
0.0
 11
0.0
 21
4.25
 31
0.0
  0
LINE
  5
2F6
330
2EE
100
AcDbEntity
  8
0
  6
Continuous
 62
     0
370
    18
100
AcDbLine
 10
-2.5
 20
0.0
 30
0.0
 11
-4.25
 21
0.0
 31
0.0
  0
LINE
  5
2F7
330
2EE
100
AcDbEntity
  8
0
  6
Continuous
 62
     0
370
    18
100
AcDbLine
 10
0.0
 20
-2.5
 30
0.0
 11
0.0
 21
-4.25
 31
0.0
  0
LINE
  5
2F8
330
2EE
100
AcDbEntity
  8
0
  6
Continuous
 62
     0
370
    18
100
AcDbLine
 10
2.5
 20
0.0
 30
0.0
 11
4.25
 21
0.0
 31
0.0
  0
ENDBLK
  5
2F0
330
2EE
100
AcDbEntity
  8
0
100
AcDbBlockEnd
  0
BLOCK
  5
2FB
330
2FA
100
AcDbEntity
  8
0
100
AcDbBlockBegin
  2
SW_CENTERMARKSYMBOL_1
 70
     0
 10
0.0
 20
0.0
 30
0.0
  3
SW_CENTERMARKSYMBOL_1
  1

  0
LINE
  5
2FD
330
2FA
100
AcDbEntity
  8
0
  6
Continuous
 62
     0
370
    18
100
AcDbLine
 10
0.0
 20
0.0
 30
0.0
 11
0.0
 21
2.5
 31
0.0
  0
LINE
  5
2FE
330
2FA
100
AcDbEntity
  8
0
  6
Continuous
 62
     0
370
    18
100
AcDbLine
 10
0.0
 20
0.0
 30
0.0
 11
-2.5
 21
0.0
 31
0.0
  0
LINE
  5
2FF
330
2FA
100
AcDbEntity
  8
0
  6
Continuous
 62
     0
370
    18
100
AcDbLine
 10
0.0
 20
0.0
 30
0.0
 11
0.0
 21
-2.5
 31
0.0
  0
LINE
  5
300
330
2FA
100
AcDbEntity
  8
0
  6
Continuous
 62
     0
370
    18
100
AcDbLine
 10
0.0
 20
0.0
 30
0.0
 11
2.5
 21
0.0
 31
0.0
  0
LINE
  5
301
330
2FA
100
AcDbEntity
  8
0
  6
Continuous
 62
     0
370
    18
100
AcDbLine
 10
0.0
 20
2.5
 30
0.0
 11
0.0
 21
4.25
 31
0.0
  0
LINE
  5
302
330
2FA
100
AcDbEntity
  8
0
  6
Continuous
 62
     0
370
    18
100
AcDbLine
 10
-2.5
 20
0.0
 30
0.0
 11
-4.25
 21
0.0
 31
0.0
  0
LINE
  5
303
330
2FA
100
AcDbEntity
  8
0
  6
Continuous
 62
     0
370
    18
100
AcDbLine
 10
0.0
 20
-2.5
 30
0.0
 11
0.0
 21
-4.25
 31
0.0
  0
LINE
  5
304
330
2FA
100
AcDbEntity
  8
0
  6
Continuous
 62
     0
370
    18
100
AcDbLine
 10
2.5
 20
0.0
 30
0.0
 11
4.25
 21
0.0
 31
0.0
  0
ENDBLK
  5
2FC
330
2FA
100
AcDbEntity
  8
0
100
AcDbBlockEnd
  0
BLOCK
  5
307
330
306
100
AcDbEntity
  8
0
100
AcDbBlockBegin
  2
SW_CENTERMARKSYMBOL_2
 70
     0
 10
0.0
 20
0.0
 30
0.0
  3
SW_CENTERMARKSYMBOL_2
  1

  0
LINE
  5
309
330
306
100
AcDbEntity
  8
0
  6
Continuous
 62
     0
370
    18
100
AcDbLine
 10
0.0
 20
0.0
 30
0.0
 11
0.0
 21
2.5
 31
0.0
  0
LINE
  5
30A
330
306
100
AcDbEntity
  8
0
  6
Continuous
 62
     0
370
    18
100
AcDbLine
 10
0.0
 20
0.0
 30
0.0
 11
-2.5
 21
0.0
 31
0.0
  0
LINE
  5
30B
330
306
100
AcDbEntity
  8
0
  6
Continuous
 62
     0
370
    18
100
AcDbLine
 10
0.0
 20
0.0
 30
0.0
 11
0.0
 21
-2.5
 31
0.0
  0
LINE
  5
30C
330
306
100
AcDbEntity
  8
0
  6
Continuous
 62
     0
370
    18
100
AcDbLine
 10
0.0
 20
0.0
 30
0.0
 11
2.5
 21
0.0
 31
0.0
  0
LINE
  5
30D
330
306
100
AcDbEntity
  8
0
  6
Continuous
 62
     0
370
    18
100
AcDbLine
 10
0.0
 20
2.5
 30
0.0
 11
0.0
 21
4.25
 31
0.0
  0
LINE
  5
30E
330
306
100
AcDbEntity
  8
0
  6
Continuous
 62
     0
370
    18
100
AcDbLine
 10
-2.5
 20
0.0
 30
0.0
 11
-4.25
 21
0.0
 31
0.0
  0
LINE
  5
30F
330
306
100
AcDbEntity
  8
0
  6
Continuous
 62
     0
370
    18
100
AcDbLine
 10
0.0
 20
-2.5
 30
0.0
 11
0.0
 21
-4.25
 31
0.0
  0
LINE
  5
310
330
306
100
AcDbEntity
  8
0
  6
Continuous
 62
     0
370
    18
100
AcDbLine
 10
2.5
 20
0.0
 30
0.0
 11
4.25
 21
0.0
 31
0.0
  0
ENDBLK
  5
308
330
306
100
AcDbEntity
  8
0
100
AcDbBlockEnd
  0
BLOCK
  5
313
330
312
100
AcDbEntity
  8
0
100
AcDbBlockBegin
  2
SW_CENTERMARKSYMBOL_3
 70
     0
 10
0.0
 20
0.0
 30
0.0
  3
SW_CENTERMARKSYMBOL_3
  1

  0
LINE
  5
315
330
312
100
AcDbEntity
  8
0
  6
Continuous
 62
     0
370
    18
100
AcDbLine
 10
0.0
 20
0.0
 30
0.0
 11
0.0
 21
2.5
 31
0.0
  0
LINE
  5
316
330
312
100
AcDbEntity
  8
0
  6
Continuous
 62
     0
370
    18
100
AcDbLine
 10
0.0
 20
0.0
 30
0.0
 11
-2.5
 21
0.0
 31
0.0
  0
LINE
  5
317
330
312
100
AcDbEntity
  8
0
  6
Continuous
 62
     0
370
    18
100
AcDbLine
 10
0.0
 20
0.0
 30
0.0
 11
0.0
 21
-2.5
 31
0.0
  0
LINE
  5
318
330
312
100
AcDbEntity
  8
0
  6
Continuous
 62
     0
370
    18
100
AcDbLine
 10
0.0
 20
0.0
 30
0.0
 11
2.5
 21
0.0
 31
0.0
  0
LINE
  5
319
330
312
100
AcDbEntity
  8
0
  6
Continuous
 62
     0
370
    18
100
AcDbLine
 10
0.0
 20
2.5
 30
0.0
 11
0.0
 21
4.25
 31
0.0
  0
LINE
  5
31A
330
312
100
AcDbEntity
  8
0
  6
Continuous
 62
     0
370
    18
100
AcDbLine
 10
-2.5
 20
0.0
 30
0.0
 11
-4.25
 21
0.0
 31
0.0
  0
LINE
  5
31B
330
312
100
AcDbEntity
  8
0
  6
Continuous
 62
     0
370
    18
100
AcDbLine
 10
0.0
 20
-2.5
 30
0.0
 11
0.0
 21
-4.25
 31
0.0
  0
LINE
  5
31C
330
312
100
AcDbEntity
  8
0
  6
Continuous
 62
     0
370
    18
100
AcDbLine
 10
2.5
 20
0.0
 30
0.0
 11
4.25
 21
0.0
 31
0.0
  0
ENDBLK
  5
314
330
312
100
AcDbEntity
  8
0
100
AcDbBlockEnd
  0
BLOCK
  5
31F
330
31E
100
AcDbEntity
  8
0
100
AcDbBlockBegin
  2
SW_CENTERMARKSYMBOL_4
 70
     0
 10
0.0
 20
0.0
 30
0.0
  3
SW_CENTERMARKSYMBOL_4
  1

  0
LINE
  5
321
330
31E
100
AcDbEntity
  8
0
  6
Continuous
 62
     0
370
    18
100
AcDbLine
 10
0.0
 20
0.0
 30
0.0
 11
0.0
 21
2.5
 31
0.0
  0
LINE
  5
322
330
31E
100
AcDbEntity
  8
0
  6
Continuous
 62
     0
370
    18
100
AcDbLine
 10
0.0
 20
0.0
 30
0.0
 11
-2.5
 21
0.0
 31
0.0
  0
LINE
  5
323
330
31E
100
AcDbEntity
  8
0
  6
Continuous
 62
     0
370
    18
100
AcDbLine
 10
0.0
 20
0.0
 30
0.0
 11
0.0
 21
-2.5
 31
0.0
  0
LINE
  5
324
330
31E
100
AcDbEntity
  8
0
  6
Continuous
 62
     0
370
    18
100
AcDbLine
 10
0.0
 20
0.0
 30
0.0
 11
2.5
 21
0.0
 31
0.0
  0
LINE
  5
325
330
31E
100
AcDbEntity
  8
0
  6
Continuous
 62
     0
370
    18
100
AcDbLine
 10
0.0
 20
2.5
 30
0.0
 11
0.0
 21
4.25
 31
0.0
  0
LINE
  5
326
330
31E
100
AcDbEntity
  8
0
  6
Continuous
 62
     0
370
    18
100
AcDbLine
 10
-2.5
 20
0.0
 30
0.0
 11
-4.25
 21
0.0
 31
0.0
  0
LINE
  5
327
330
31E
100
AcDbEntity
  8
0
  6
Continuous
 62
     0
370
    18
100
AcDbLine
 10
0.0
 20
-2.5
 30
0.0
 11
0.0
 21
-4.25
 31
0.0
  0
LINE
  5
328
330
31E
100
AcDbEntity
  8
0
  6
Continuous
 62
     0
370
    18
100
AcDbLine
 10
2.5
 20
0.0
 30
0.0
 11
4.25
 21
0.0
 31
0.0
  0
ENDBLK
  5
320
330
31E
100
AcDbEntity
  8
0
100
AcDbBlockEnd
  0
BLOCK
  5
32B
330
32A
100
AcDbEntity
  8
0
100
AcDbBlockBegin
  2
SW_CENTERMARKSYMBOL_5
 70
     0
 10
0.0
 20
0.0
 30
0.0
  3
SW_CENTERMARKSYMBOL_5
  1

  0
LINE
  5
32D
330
32A
100
AcDbEntity
  8
0
  6
Continuous
 62
     0
370
    18
100
AcDbLine
 10
0.0
 20
0.0
 30
0.0
 11
0.0
 21
2.5
 31
0.0
  0
LINE
  5
32E
330
32A
100
AcDbEntity
  8
0
  6
Continuous
 62
     0
370
    18
100
AcDbLine
 10
0.0
 20
0.0
 30
0.0
 11
-2.5
 21
0.0
 31
0.0
  0
LINE
  5
32F
330
32A
100
AcDbEntity
  8
0
  6
Continuous
 62
     0
370
    18
100
AcDbLine
 10
0.0
 20
0.0
 30
0.0
 11
0.0
 21
-2.5
 31
0.0
  0
LINE
  5
330
330
32A
100
AcDbEntity
  8
0
  6
Continuous
 62
     0
370
    18
100
AcDbLine
 10
0.0
 20
0.0
 30
0.0
 11
2.5
 21
0.0
 31
0.0
  0
LINE
  5
331
330
32A
100
AcDbEntity
  8
0
  6
Continuous
 62
     0
370
    18
100
AcDbLine
 10
0.0
 20
5.0
 30
0.0
 11
0.0
 21
8.0
 31
0.0
  0
LINE
  5
332
330
32A
100
AcDbEntity
  8
0
  6
Continuous
 62
     0
370
    18
100
AcDbLine
 10
-5.0
 20
0.0
 30
0.0
 11
-8.0
 21
0.0
 31
0.0
  0
LINE
  5
333
330
32A
100
AcDbEntity
  8
0
  6
Continuous
 62
     0
370
    18
100
AcDbLine
 10
0.0
 20
-5.0
 30
0.0
 11
0.0
 21
-8.0
 31
0.0
  0
LINE
  5
334
330
32A
100
AcDbEntity
  8
0
  6
Continuous
 62
     0
370
    18
100
AcDbLine
 10
5.0
 20
0.0
 30
0.0
 11
8.0
 21
0.0
 31
0.0
  0
ENDBLK
  5
32C
330
32A
100
AcDbEntity
  8
0
100
AcDbBlockEnd
  0
BLOCK
  5
337
330
336
100
AcDbEntity
  8
0
100
AcDbBlockBegin
  2
SW_CENTERMARKSYMBOL_6
 70
     0
 10
0.0
 20
0.0
 30
0.0
  3
SW_CENTERMARKSYMBOL_6
  1

  0
LINE
  5
339
330
336
100
AcDbEntity
  8
0
  6
Continuous
 62
     0
370
    18
100
AcDbLine
 10
0.0
 20
0.0
 30
0.0
 11
0.0
 21
2.5
 31
0.0
  0
LINE
  5
33A
330
336
100
AcDbEntity
  8
0
  6
Continuous
 62
     0
370
    18
100
AcDbLine
 10
0.0
 20
0.0
 30
0.0
 11
-2.5
 21
0.0
 31
0.0
  0
LINE
  5
33B
330
336
100
AcDbEntity
  8
0
  6
Continuous
 62
     0
370
    18
100
AcDbLine
 10
0.0
 20
0.0
 30
0.0
 11
0.0
 21
-2.5
 31
0.0
  0
LINE
  5
33C
330
336
100
AcDbEntity
  8
0
  6
Continuous
 62
     0
370
    18
100
AcDbLine
 10
0.0
 20
0.0
 30
0.0
 11
2.5
 21
0.0
 31
0.0
  0
LINE
  5
33D
330
336
100
AcDbEntity
  8
0
  6
Continuous
 62
     0
370
    18
100
AcDbLine
 10
0.0
 20
5.0
 30
0.0
 11
0.0
 21
8.0
 31
0.0
  0
LINE
  5
33E
330
336
100
AcDbEntity
  8
0
  6
Continuous
 62
     0
370
    18
100
AcDbLine
 10
-5.0
 20
0.0
 30
0.0
 11
-8.0
 21
0.0
 31
0.0
  0
LINE
  5
33F
330
336
100
AcDbEntity
  8
0
  6
Continuous
 62
     0
370
    18
100
AcDbLine
 10
0.0
 20
-5.0
 30
0.0
 11
0.0
 21
-8.0
 31
0.0
  0
LINE
  5
340
330
336
100
AcDbEntity
  8
0
  6
Continuous
 62
     0
370
    18
100
AcDbLine
 10
5.0
 20
0.0
 30
0.0
 11
8.0
 21
0.0
 31
0.0
  0
ENDBLK
  5
338
330
336
100
AcDbEntity
  8
0
100
AcDbBlockEnd
  0
BLOCK
  5
343
330
342
100
AcDbEntity
  8
0
100
AcDbBlockBegin
  2
SW_CENTERMARKSYMBOL_7
 70
     0
 10
0.0
 20
0.0
 30
0.0
  3
SW_CENTERMARKSYMBOL_7
  1

  0
LINE
  5
345
330
342
100
AcDbEntity
  8
0
  6
Continuous
 62
     0
370
    18
100
AcDbLine
 10
0.0
 20
0.0
 30
0.0
 11
0.0
 21
2.5
 31
0.0
  0
LINE
  5
346
330
342
100
AcDbEntity
  8
0
  6
Continuous
 62
     0
370
    18
100
AcDbLine
 10
0.0
 20
0.0
 30
0.0
 11
-2.5
 21
0.0
 31
0.0
  0
LINE
  5
347
330
342
100
AcDbEntity
  8
0
  6
Continuous
 62
     0
370
    18
100
AcDbLine
 10
0.0
 20
0.0
 30
0.0
 11
0.0
 21
-2.5
 31
0.0
  0
LINE
  5
348
330
342
100
AcDbEntity
  8
0
  6
Continuous
 62
     0
370
    18
100
AcDbLine
 10
0.0
 20
0.0
 30
0.0
 11
2.5
 21
0.0
 31
0.0
  0
LINE
  5
349
330
342
100
AcDbEntity
  8
0
  6
Continuous
 62
     0
370
    18
100
AcDbLine
 10
0.0
 20
5.0
 30
0.0
 11
0.0
 21
20.0
 31
0.0
  0
LINE
  5
34A
330
342
100
AcDbEntity
  8
0
  6
Continuous
 62
     0
370
    18
100
AcDbLine
 10
-5.0
 20
0.0
 30
0.0
 11
-20.0
 21
0.0
 31
0.0
  0
LINE
  5
34B
330
342
100
AcDbEntity
  8
0
  6
Continuous
 62
     0
370
    18
100
AcDbLine
 10
0.0
 20
-5.0
 30
0.0
 11
0.0
 21
-20.0
 31
0.0
  0
LINE
  5
34C
330
342
100
AcDbEntity
  8
0
  6
Continuous
 62
     0
370
    18
100
AcDbLine
 10
5.0
 20
0.0
 30
0.0
 11
20.0
 21
0.0
 31
0.0
  0
ENDBLK
  5
344
330
342
100
AcDbEntity
  8
0
100
AcDbBlockEnd
  0
BLOCK
  5
34F
330
34E
100
AcDbEntity
  8
0
100
AcDbBlockBegin
  2
SW_CENTERMARKSYMBOL_8
 70
     0
 10
0.0
 20
0.0
 30
0.0
  3
SW_CENTERMARKSYMBOL_8
  1

  0
LINE
  5
351
330
34E
100
AcDbEntity
  8
0
  6
Continuous
 62
     0
370
    18
100
AcDbLine
 10
0.0
 20
0.0
 30
0.0
 11
0.0
 21
2.5
 31
0.0
  0
LINE
  5
352
330
34E
100
AcDbEntity
  8
0
  6
Continuous
 62
     0
370
    18
100
AcDbLine
 10
0.0
 20
0.0
 30
0.0
 11
-2.5
 21
0.0
 31
0.0
  0
LINE
  5
353
330
34E
100
AcDbEntity
  8
0
  6
Continuous
 62
     0
370
    18
100
AcDbLine
 10
0.0
 20
0.0
 30
0.0
 11
0.0
 21
-2.5
 31
0.0
  0
LINE
  5
354
330
34E
100
AcDbEntity
  8
0
  6
Continuous
 62
     0
370
    18
100
AcDbLine
 10
0.0
 20
0.0
 30
0.0
 11
2.5
 21
0.0
 31
0.0
  0
LINE
  5
355
330
34E
100
AcDbEntity
  8
0
  6
Continuous
 62
     0
370
    18
100
AcDbLine
 10
0.0
 20
2.5
 30
0.0
 11
0.0
 21
4.25
 31
0.0
  0
LINE
  5
356
330
34E
100
AcDbEntity
  8
0
  6
Continuous
 62
     0
370
    18
100
AcDbLine
 10
-2.5
 20
0.0
 30
0.0
 11
-4.25
 21
0.0
 31
0.0
  0
LINE
  5
357
330
34E
100
AcDbEntity
  8
0
  6
Continuous
 62
     0
370
    18
100
AcDbLine
 10
0.0
 20
-2.5
 30
0.0
 11
0.0
 21
-4.25
 31
0.0
  0
LINE
  5
358
330
34E
100
AcDbEntity
  8
0
  6
Continuous
 62
     0
370
    18
100
AcDbLine
 10
2.5
 20
0.0
 30
0.0
 11
4.25
 21
0.0
 31
0.0
  0
ENDBLK
  5
350
330
34E
100
AcDbEntity
  8
0
100
AcDbBlockEnd
  0
BLOCK
  5
35B
330
35A
100
AcDbEntity
  8
0
100
AcDbBlockBegin
  2
SW_CENTERMARKSYMBOL_9
 70
     0
 10
0.0
 20
0.0
 30
0.0
  3
SW_CENTERMARKSYMBOL_9
  1

  0
LINE
  5
35D
330
35A
100
AcDbEntity
  8
0
  6
Continuous
 62
     0
370
    18
100
AcDbLine
 10
0.0
 20
0.0
 30
0.0
 11
0.0
 21
2.5
 31
0.0
  0
LINE
  5
35E
330
35A
100
AcDbEntity
  8
0
  6
Continuous
 62
     0
370
    18
100
AcDbLine
 10
0.0
 20
0.0
 30
0.0
 11
-2.5
 21
0.0
 31
0.0
  0
LINE
  5
35F
330
35A
100
AcDbEntity
  8
0
  6
Continuous
 62
     0
370
    18
100
AcDbLine
 10
0.0
 20
0.0
 30
0.0
 11
0.0
 21
-2.5
 31
0.0
  0
LINE
  5
360
330
35A
100
AcDbEntity
  8
0
  6
Continuous
 62
     0
370
    18
100
AcDbLine
 10
0.0
 20
0.0
 30
0.0
 11
2.5
 21
0.0
 31
0.0
  0
LINE
  5
361
330
35A
100
AcDbEntity
  8
0
  6
Continuous
 62
     0
370
    18
100
AcDbLine
 10
0.0
 20
2.5
 30
0.0
 11
0.0
 21
4.25
 31
0.0
  0
LINE
  5
362
330
35A
100
AcDbEntity
  8
0
  6
Continuous
 62
     0
370
    18
100
AcDbLine
 10
-2.5
 20
0.0
 30
0.0
 11
-4.25
 21
0.0
 31
0.0
  0
LINE
  5
363
330
35A
100
AcDbEntity
  8
0
  6
Continuous
 62
     0
370
    18
100
AcDbLine
 10
0.0
 20
-2.5
 30
0.0
 11
0.0
 21
-4.25
 31
0.0
  0
LINE
  5
364
330
35A
100
AcDbEntity
  8
0
  6
Continuous
 62
     0
370
    18
100
AcDbLine
 10
2.5
 20
0.0
 30
0.0
 11
4.25
 21
0.0
 31
0.0
  0
ENDBLK
  5
35C
330
35A
100
AcDbEntity
  8
0
100
AcDbBlockEnd
  0
BLOCK
  5
367
330
366
100
AcDbEntity
  8
0
100
AcDbBlockBegin
  2
SW_CENTERMARKSYMBOL_10
 70
     0
 10
0.0
 20
0.0
 30
0.0
  3
SW_CENTERMARKSYMBOL_10
  1

  0
LINE
  5
369
330
366
100
AcDbEntity
  8
0
  6
Continuous
 62
     0
370
    18
100
AcDbLine
 10
0.0
 20
0.0
 30
0.0
 11
0.0
 21
2.5
 31
0.0
  0
LINE
  5
36A
330
366
100
AcDbEntity
  8
0
  6
Continuous
 62
     0
370
    18
100
AcDbLine
 10
0.0
 20
0.0
 30
0.0
 11
-2.5
 21
0.0
 31
0.0
  0
LINE
  5
36B
330
366
100
AcDbEntity
  8
0
  6
Continuous
 62
     0
370
    18
100
AcDbLine
 10
0.0
 20
0.0
 30
0.0
 11
0.0
 21
-2.5
 31
0.0
  0
LINE
  5
36C
330
366
100
AcDbEntity
  8
0
  6
Continuous
 62
     0
370
    18
100
AcDbLine
 10
0.0
 20
0.0
 30
0.0
 11
2.5
 21
0.0
 31
0.0
  0
LINE
  5
36D
330
366
100
AcDbEntity
  8
0
  6
Continuous
 62
     0
370
    18
100
AcDbLine
 10
0.0
 20
2.5
 30
0.0
 11
0.0
 21
4.25
 31
0.0
  0
LINE
  5
36E
330
366
100
AcDbEntity
  8
0
  6
Continuous
 62
     0
370
    18
100
AcDbLine
 10
-2.5
 20
0.0
 30
0.0
 11
-4.25
 21
0.0
 31
0.0
  0
LINE
  5
36F
330
366
100
AcDbEntity
  8
0
  6
Continuous
 62
     0
370
    18
100
AcDbLine
 10
0.0
 20
-2.5
 30
0.0
 11
0.0
 21
-4.25
 31
0.0
  0
LINE
  5
370
330
366
100
AcDbEntity
  8
0
  6
Continuous
 62
     0
370
    18
100
AcDbLine
 10
2.5
 20
0.0
 30
0.0
 11
4.25
 21
0.0
 31
0.0
  0
ENDBLK
  5
368
330
366
100
AcDbEntity
  8
0
100
AcDbBlockEnd
  0
BLOCK
  5
373
330
372
100
AcDbEntity
  8
0
100
AcDbBlockBegin
  2
SW_CENTERMARKSYMBOL_11
 70
     0
 10
0.0
 20
0.0
 30
0.0
  3
SW_CENTERMARKSYMBOL_11
  1

  0
LINE
  5
375
330
372
100
AcDbEntity
  8
0
  6
Continuous
 62
     0
370
    18
100
AcDbLine
 10
0.0
 20
0.0
 30
0.0
 11
0.0
 21
2.5
 31
0.0
  0
LINE
  5
376
330
372
100
AcDbEntity
  8
0
  6
Continuous
 62
     0
370
    18
100
AcDbLine
 10
0.0
 20
0.0
 30
0.0
 11
-2.5
 21
0.0
 31
0.0
  0
LINE
  5
377
330
372
100
AcDbEntity
  8
0
  6
Continuous
 62
     0
370
    18
100
AcDbLine
 10
0.0
 20
0.0
 30
0.0
 11
0.0
 21
-2.5
 31
0.0
  0
LINE
  5
378
330
372
100
AcDbEntity
  8
0
  6
Continuous
 62
     0
370
    18
100
AcDbLine
 10
0.0
 20
0.0
 30
0.0
 11
2.5
 21
0.0
 31
0.0
  0
LINE
  5
379
330
372
100
AcDbEntity
  8
0
  6
Continuous
 62
     0
370
    18
100
AcDbLine
 10
0.0
 20
2.5
 30
0.0
 11
0.0
 21
4.25
 31
0.0
  0
LINE
  5
37A
330
372
100
AcDbEntity
  8
0
  6
Continuous
 62
     0
370
    18
100
AcDbLine
 10
-2.5
 20
0.0
 30
0.0
 11
-4.25
 21
0.0
 31
0.0
  0
LINE
  5
37B
330
372
100
AcDbEntity
  8
0
  6
Continuous
 62
     0
370
    18
100
AcDbLine
 10
0.0
 20
-2.5
 30
0.0
 11
0.0
 21
-4.25
 31
0.0
  0
LINE
  5
37C
330
372
100
AcDbEntity
  8
0
  6
Continuous
 62
     0
370
    18
100
AcDbLine
 10
2.5
 20
0.0
 30
0.0
 11
4.25
 21
0.0
 31
0.0
  0
ENDBLK
  5
374
330
372
100
AcDbEntity
  8
0
100
AcDbBlockEnd
  0
BLOCK
  5
37F
330
37E
100
AcDbEntity
  8
0
100
AcDbBlockBegin
  2
SW_CENTERMARKSYMBOL_12
 70
     0
 10
0.0
 20
0.0
 30
0.0
  3
SW_CENTERMARKSYMBOL_12
  1

  0
LINE
  5
381
330
37E
100
AcDbEntity
  8
0
  6
Continuous
 62
     0
370
    18
100
AcDbLine
 10
0.0
 20
0.0
 30
0.0
 11
0.0
 21
2.5
 31
0.0
  0
LINE
  5
382
330
37E
100
AcDbEntity
  8
0
  6
Continuous
 62
     0
370
    18
100
AcDbLine
 10
0.0
 20
0.0
 30
0.0
 11
-2.5
 21
0.0
 31
0.0
  0
LINE
  5
383
330
37E
100
AcDbEntity
  8
0
  6
Continuous
 62
     0
370
    18
100
AcDbLine
 10
0.0
 20
0.0
 30
0.0
 11
0.0
 21
-2.5
 31
0.0
  0
LINE
  5
384
330
37E
100
AcDbEntity
  8
0
  6
Continuous
 62
     0
370
    18
100
AcDbLine
 10
0.0
 20
0.0
 30
0.0
 11
2.5
 21
0.0
 31
0.0
  0
LINE
  5
385
330
37E
100
AcDbEntity
  8
0
  6
Continuous
 62
     0
370
    18
100
AcDbLine
 10
0.0
 20
2.5
 30
0.0
 11
0.0
 21
4.5
 31
0.0
  0
LINE
  5
386
330
37E
100
AcDbEntity
  8
0
  6
Continuous
 62
     0
370
    18
100
AcDbLine
 10
-2.5
 20
0.0
 30
0.0
 11
-4.5
 21
0.0
 31
0.0
  0
LINE
  5
387
330
37E
100
AcDbEntity
  8
0
  6
Continuous
 62
     0
370
    18
100
AcDbLine
 10
0.0
 20
-2.5
 30
0.0
 11
0.0
 21
-4.5
 31
0.0
  0
LINE
  5
388
330
37E
100
AcDbEntity
  8
0
  6
Continuous
 62
     0
370
    18
100
AcDbLine
 10
2.5
 20
0.0
 30
0.0
 11
4.5
 21
0.0
 31
0.0
  0
ENDBLK
  5
380
330
37E
100
AcDbEntity
  8
0
100
AcDbBlockEnd
  0
BLOCK
  5
38B
330
38A
100
AcDbEntity
  8
0
100
AcDbBlockBegin
  2
SW_CENTERMARKSYMBOL_13
 70
     0
 10
0.0
 20
0.0
 30
0.0
  3
SW_CENTERMARKSYMBOL_13
  1

  0
LINE
  5
38D
330
38A
100
AcDbEntity
  8
0
  6
Continuous
 62
     0
370
    18
100
AcDbLine
 10
0.0
 20
0.0
 30
0.0
 11
0.0
 21
2.5
 31
0.0
  0
LINE
  5
38E
330
38A
100
AcDbEntity
  8
0
  6
Continuous
 62
     0
370
    18
100
AcDbLine
 10
0.0
 20
0.0
 30
0.0
 11
-2.5
 21
0.0
 31
0.0
  0
LINE
  5
38F
330
38A
100
AcDbEntity
  8
0
  6
Continuous
 62
     0
370
    18
100
AcDbLine
 10
0.0
 20
0.0
 30
0.0
 11
0.0
 21
-2.5
 31
0.0
  0
LINE
  5
390
330
38A
100
AcDbEntity
  8
0
  6
Continuous
 62
     0
370
    18
100
AcDbLine
 10
0.0
 20
0.0
 30
0.0
 11
2.5
 21
0.0
 31
0.0
  0
LINE
  5
391
330
38A
100
AcDbEntity
  8
0
  6
Continuous
 62
     0
370
    18
100
AcDbLine
 10
0.0
 20
2.5
 30
0.0
 11
0.0
 21
4.5
 31
0.0
  0
LINE
  5
392
330
38A
100
AcDbEntity
  8
0
  6
Continuous
 62
     0
370
    18
100
AcDbLine
 10
-2.5
 20
0.0
 30
0.0
 11
-4.5
 21
0.0
 31
0.0
  0
LINE
  5
393
330
38A
100
AcDbEntity
  8
0
  6
Continuous
 62
     0
370
    18
100
AcDbLine
 10
0.0
 20
-2.5
 30
0.0
 11
0.0
 21
-4.5
 31
0.0
  0
LINE
  5
394
330
38A
100
AcDbEntity
  8
0
  6
Continuous
 62
     0
370
    18
100
AcDbLine
 10
2.5
 20
0.0
 30
0.0
 11
4.5
 21
0.0
 31
0.0
  0
ENDBLK
  5
38C
330
38A
100
AcDbEntity
  8
0
100
AcDbBlockEnd
  0
BLOCK
  5
397
330
396
100
AcDbEntity
  8
0
100
AcDbBlockBegin
  2
SW_CENTERMARKSYMBOL_14
 70
     0
 10
0.0
 20
0.0
 30
0.0
  3
SW_CENTERMARKSYMBOL_14
  1

  0
LINE
  5
399
330
396
100
AcDbEntity
  8
0
  6
Continuous
 62
     0
370
    18
100
AcDbLine
 10
0.0
 20
0.0
 30
0.0
 11
0.0
 21
2.5
 31
0.0
  0
LINE
  5
39A
330
396
100
AcDbEntity
  8
0
  6
Continuous
 62
     0
370
    18
100
AcDbLine
 10
0.0
 20
0.0
 30
0.0
 11
-2.5
 21
0.0
 31
0.0
  0
LINE
  5
39B
330
396
100
AcDbEntity
  8
0
  6
Continuous
 62
     0
370
    18
100
AcDbLine
 10
0.0
 20
0.0
 30
0.0
 11
0.0
 21
-2.5
 31
0.0
  0
LINE
  5
39C
330
396
100
AcDbEntity
  8
0
  6
Continuous
 62
     0
370
    18
100
AcDbLine
 10
0.0
 20
0.0
 30
0.0
 11
2.5
 21
0.0
 31
0.0
  0
LINE
  5
39D
330
396
100
AcDbEntity
  8
0
  6
Continuous
 62
     0
370
    18
100
AcDbLine
 10
0.0
 20
2.5
 30
0.0
 11
0.0
 21
4.5
 31
0.0
  0
LINE
  5
39E
330
396
100
AcDbEntity
  8
0
  6
Continuous
 62
     0
370
    18
100
AcDbLine
 10
-2.5
 20
0.0
 30
0.0
 11
-4.5
 21
0.0
 31
0.0
  0
LINE
  5
39F
330
396
100
AcDbEntity
  8
0
  6
Continuous
 62
     0
370
    18
100
AcDbLine
 10
0.0
 20
-2.5
 30
0.0
 11
0.0
 21
-4.5
 31
0.0
  0
LINE
  5
3A0
330
396
100
AcDbEntity
  8
0
  6
Continuous
 62
     0
370
    18
100
AcDbLine
 10
2.5
 20
0.0
 30
0.0
 11
4.5
 21
0.0
 31
0.0
  0
ENDBLK
  5
398
330
396
100
AcDbEntity
  8
0
100
AcDbBlockEnd
  0
BLOCK
  5
3A3
330
3A2
100
AcDbEntity
  8
0
100
AcDbBlockBegin
  2
SW_CENTERMARKSYMBOL_15
 70
     0
 10
0.0
 20
0.0
 30
0.0
  3
SW_CENTERMARKSYMBOL_15
  1

  0
LINE
  5
3A5
330
3A2
100
AcDbEntity
  8
0
  6
Continuous
 62
     0
370
    18
100
AcDbLine
 10
0.0
 20
0.0
 30
0.0
 11
0.0
 21
2.5
 31
0.0
  0
LINE
  5
3A6
330
3A2
100
AcDbEntity
  8
0
  6
Continuous
 62
     0
370
    18
100
AcDbLine
 10
0.0
 20
0.0
 30
0.0
 11
-2.5
 21
0.0
 31
0.0
  0
LINE
  5
3A7
330
3A2
100
AcDbEntity
  8
0
  6
Continuous
 62
     0
370
    18
100
AcDbLine
 10
0.0
 20
0.0
 30
0.0
 11
0.0
 21
-2.5
 31
0.0
  0
LINE
  5
3A8
330
3A2
100
AcDbEntity
  8
0
  6
Continuous
 62
     0
370
    18
100
AcDbLine
 10
0.0
 20
0.0
 30
0.0
 11
2.5
 21
0.0
 31
0.0
  0
LINE
  5
3A9
330
3A2
100
AcDbEntity
  8
0
  6
Continuous
 62
     0
370
    18
100
AcDbLine
 10
0.0
 20
2.5
 30
0.0
 11
0.0
 21
4.25
 31
0.0
  0
LINE
  5
3AA
330
3A2
100
AcDbEntity
  8
0
  6
Continuous
 62
     0
370
    18
100
AcDbLine
 10
-2.5
 20
0.0
 30
0.0
 11
-4.25
 21
0.0
 31
0.0
  0
LINE
  5
3AB
330
3A2
100
AcDbEntity
  8
0
  6
Continuous
 62
     0
370
    18
100
AcDbLine
 10
0.0
 20
-2.5
 30
0.0
 11
0.0
 21
-4.25
 31
0.0
  0
LINE
  5
3AC
330
3A2
100
AcDbEntity
  8
0
  6
Continuous
 62
     0
370
    18
100
AcDbLine
 10
2.5
 20
0.0
 30
0.0
 11
4.25
 21
0.0
 31
0.0
  0
ENDBLK
  5
3A4
330
3A2
100
AcDbEntity
  8
0
100
AcDbBlockEnd
  0
BLOCK
  5
3AF
330
3AE
100
AcDbEntity
  8
0
100
AcDbBlockBegin
  2
SW_CENTERMARKSYMBOL_16
 70
     0
 10
0.0
 20
0.0
 30
0.0
  3
SW_CENTERMARKSYMBOL_16
  1

  0
LINE
  5
3B1
330
3AE
100
AcDbEntity
  8
0
  6
Continuous
 62
     0
370
    18
100
AcDbLine
 10
0.0
 20
0.0
 30
0.0
 11
0.0
 21
2.5
 31
0.0
  0
LINE
  5
3B2
330
3AE
100
AcDbEntity
  8
0
  6
Continuous
 62
     0
370
    18
100
AcDbLine
 10
0.0
 20
0.0
 30
0.0
 11
-2.5
 21
0.0
 31
0.0
  0
LINE
  5
3B3
330
3AE
100
AcDbEntity
  8
0
  6
Continuous
 62
     0
370
    18
100
AcDbLine
 10
0.0
 20
0.0
 30
0.0
 11
0.0
 21
-2.5
 31
0.0
  0
LINE
  5
3B4
330
3AE
100
AcDbEntity
  8
0
  6
Continuous
 62
     0
370
    18
100
AcDbLine
 10
0.0
 20
0.0
 30
0.0
 11
2.5
 21
0.0
 31
0.0
  0
LINE
  5
3B5
330
3AE
100
AcDbEntity
  8
0
  6
Continuous
 62
     0
370
    18
100
AcDbLine
 10
0.0
 20
2.5
 30
0.0
 11
0.0
 21
4.25
 31
0.0
  0
LINE
  5
3B6
330
3AE
100
AcDbEntity
  8
0
  6
Continuous
 62
     0
370
    18
100
AcDbLine
 10
-2.5
 20
0.0
 30
0.0
 11
-4.25
 21
0.0
 31
0.0
  0
LINE
  5
3B7
330
3AE
100
AcDbEntity
  8
0
  6
Continuous
 62
     0
370
    18
100
AcDbLine
 10
0.0
 20
-2.5
 30
0.0
 11
0.0
 21
-4.25
 31
0.0
  0
LINE
  5
3B8
330
3AE
100
AcDbEntity
  8
0
  6
Continuous
 62
     0
370
    18
100
AcDbLine
 10
2.5
 20
0.0
 30
0.0
 11
4.25
 21
0.0
 31
0.0
  0
ENDBLK
  5
3B0
330
3AE
100
AcDbEntity
  8
0
100
AcDbBlockEnd
  0
BLOCK
  5
3BB
330
3BA
100
AcDbEntity
  8
0
100
AcDbBlockBegin
  2
SW_CENTERMARKSYMBOL_17
 70
     0
 10
0.0
 20
0.0
 30
0.0
  3
SW_CENTERMARKSYMBOL_17
  1

  0
LINE
  5
3BD
330
3BA
100
AcDbEntity
  8
0
  6
Continuous
 62
     0
370
    18
100
AcDbLine
 10
0.0
 20
0.0
 30
0.0
 11
0.0
 21
2.5
 31
0.0
  0
LINE
  5
3BE
330
3BA
100
AcDbEntity
  8
0
  6
Continuous
 62
     0
370
    18
100
AcDbLine
 10
0.0
 20
0.0
 30
0.0
 11
-2.5
 21
0.0
 31
0.0
  0
LINE
  5
3BF
330
3BA
100
AcDbEntity
  8
0
  6
Continuous
 62
     0
370
    18
100
AcDbLine
 10
0.0
 20
0.0
 30
0.0
 11
0.0
 21
-2.5
 31
0.0
  0
LINE
  5
3C0
330
3BA
100
AcDbEntity
  8
0
  6
Continuous
 62
     0
370
    18
100
AcDbLine
 10
0.0
 20
0.0
 30
0.0
 11
2.5
 21
0.0
 31
0.0
  0
LINE
  5
3C1
330
3BA
100
AcDbEntity
  8
0
  6
Continuous
 62
     0
370
    18
100
AcDbLine
 10
0.0
 20
2.5
 30
0.0
 11
0.0
 21
4.25
 31
0.0
  0
LINE
  5
3C2
330
3BA
100
AcDbEntity
  8
0
  6
Continuous
 62
     0
370
    18
100
AcDbLine
 10
-2.5
 20
0.0
 30
0.0
 11
-4.25
 21
0.0
 31
0.0
  0
LINE
  5
3C3
330
3BA
100
AcDbEntity
  8
0
  6
Continuous
 62
     0
370
    18
100
AcDbLine
 10
0.0
 20
-2.5
 30
0.0
 11
0.0
 21
-4.25
 31
0.0
  0
LINE
  5
3C4
330
3BA
100
AcDbEntity
  8
0
  6
Continuous
 62
     0
370
    18
100
AcDbLine
 10
2.5
 20
0.0
 30
0.0
 11
4.25
 21
0.0
 31
0.0
  0
ENDBLK
  5
3BC
330
3BA
100
AcDbEntity
  8
0
100
AcDbBlockEnd
  0
BLOCK
  5
3C7
330
3C6
100
AcDbEntity
  8
0
100
AcDbBlockBegin
  2
SW_CENTERMARKSYMBOL_18
 70
     0
 10
0.0
 20
0.0
 30
0.0
  3
SW_CENTERMARKSYMBOL_18
  1

  0
LINE
  5
3C9
330
3C6
100
AcDbEntity
  8
0
  6
Continuous
 62
     0
370
    18
100
AcDbLine
 10
0.0
 20
0.0
 30
0.0
 11
0.0
 21
2.5
 31
0.0
  0
LINE
  5
3CA
330
3C6
100
AcDbEntity
  8
0
  6
Continuous
 62
     0
370
    18
100
AcDbLine
 10
0.0
 20
0.0
 30
0.0
 11
-2.5
 21
0.0
 31
0.0
  0
LINE
  5
3CB
330
3C6
100
AcDbEntity
  8
0
  6
Continuous
 62
     0
370
    18
100
AcDbLine
 10
0.0
 20
0.0
 30
0.0
 11
0.0
 21
-2.5
 31
0.0
  0
LINE
  5
3CC
330
3C6
100
AcDbEntity
  8
0
  6
Continuous
 62
     0
370
    18
100
AcDbLine
 10
0.0
 20
0.0
 30
0.0
 11
2.5
 21
0.0
 31
0.0
  0
LINE
  5
3CD
330
3C6
100
AcDbEntity
  8
0
  6
Continuous
 62
     0
370
    18
100
AcDbLine
 10
0.0
 20
2.5
 30
0.0
 11
0.0
 21
4.25
 31
0.0
  0
LINE
  5
3CE
330
3C6
100
AcDbEntity
  8
0
  6
Continuous
 62
     0
370
    18
100
AcDbLine
 10
-2.5
 20
0.0
 30
0.0
 11
-4.25
 21
0.0
 31
0.0
  0
LINE
  5
3CF
330
3C6
100
AcDbEntity
  8
0
  6
Continuous
 62
     0
370
    18
100
AcDbLine
 10
0.0
 20
-2.5
 30
0.0
 11
0.0
 21
-4.25
 31
0.0
  0
LINE
  5
3D0
330
3C6
100
AcDbEntity
  8
0
  6
Continuous
 62
     0
370
    18
100
AcDbLine
 10
2.5
 20
0.0
 30
0.0
 11
4.25
 21
0.0
 31
0.0
  0
ENDBLK
  5
3C8
330
3C6
100
AcDbEntity
  8
0
100
AcDbBlockEnd
  0
BLOCK
  5
3D3
330
3D2
100
AcDbEntity
  8
0
100
AcDbBlockBegin
  2
SW_CENTERMARKSYMBOL_19
 70
     0
 10
0.0
 20
0.0
 30
0.0
  3
SW_CENTERMARKSYMBOL_19
  1

  0
LINE
  5
3D5
330
3D2
100
AcDbEntity
  8
0
  6
Continuous
 62
     0
370
    18
100
AcDbLine
 10
0.0
 20
0.0
 30
0.0
 11
0.0
 21
2.5
 31
0.0
  0
LINE
  5
3D6
330
3D2
100
AcDbEntity
  8
0
  6
Continuous
 62
     0
370
    18
100
AcDbLine
 10
0.0
 20
0.0
 30
0.0
 11
-2.5
 21
0.0
 31
0.0
  0
LINE
  5
3D7
330
3D2
100
AcDbEntity
  8
0
  6
Continuous
 62
     0
370
    18
100
AcDbLine
 10
0.0
 20
0.0
 30
0.0
 11
0.0
 21
-2.5
 31
0.0
  0
LINE
  5
3D8
330
3D2
100
AcDbEntity
  8
0
  6
Continuous
 62
     0
370
    18
100
AcDbLine
 10
0.0
 20
0.0
 30
0.0
 11
2.5
 21
0.0
 31
0.0
  0
LINE
  5
3D9
330
3D2
100
AcDbEntity
  8
0
  6
Continuous
 62
     0
370
    18
100
AcDbLine
 10
0.0
 20
2.5
 30
0.0
 11
0.0
 21
4.25
 31
0.0
  0
LINE
  5
3DA
330
3D2
100
AcDbEntity
  8
0
  6
Continuous
 62
     0
370
    18
100
AcDbLine
 10
-2.5
 20
0.0
 30
0.0
 11
-4.25
 21
0.0
 31
0.0
  0
LINE
  5
3DB
330
3D2
100
AcDbEntity
  8
0
  6
Continuous
 62
     0
370
    18
100
AcDbLine
 10
0.0
 20
-2.5
 30
0.0
 11
0.0
 21
-4.25
 31
0.0
  0
LINE
  5
3DC
330
3D2
100
AcDbEntity
  8
0
  6
Continuous
 62
     0
370
    18
100
AcDbLine
 10
2.5
 20
0.0
 30
0.0
 11
4.25
 21
0.0
 31
0.0
  0
ENDBLK
  5
3D4
330
3D2
100
AcDbEntity
  8
0
100
AcDbBlockEnd
  0
BLOCK
  5
3DF
330
3DE
100
AcDbEntity
  8
0
100
AcDbBlockBegin
  2
SW_CENTERMARKSYMBOL_20
 70
     0
 10
0.0
 20
0.0
 30
0.0
  3
SW_CENTERMARKSYMBOL_20
  1

  0
LINE
  5
3E1
330
3DE
100
AcDbEntity
  8
0
  6
Continuous
 62
     0
370
    18
100
AcDbLine
 10
0.0
 20
0.0
 30
0.0
 11
0.0
 21
2.5
 31
0.0
  0
LINE
  5
3E2
330
3DE
100
AcDbEntity
  8
0
  6
Continuous
 62
     0
370
    18
100
AcDbLine
 10
0.0
 20
0.0
 30
0.0
 11
-2.5
 21
0.0
 31
0.0
  0
LINE
  5
3E3
330
3DE
100
AcDbEntity
  8
0
  6
Continuous
 62
     0
370
    18
100
AcDbLine
 10
0.0
 20
0.0
 30
0.0
 11
0.0
 21
-2.5
 31
0.0
  0
LINE
  5
3E4
330
3DE
100
AcDbEntity
  8
0
  6
Continuous
 62
     0
370
    18
100
AcDbLine
 10
0.0
 20
0.0
 30
0.0
 11
2.5
 21
0.0
 31
0.0
  0
LINE
  5
3E5
330
3DE
100
AcDbEntity
  8
0
  6
Continuous
 62
     0
370
    18
100
AcDbLine
 10
0.0
 20
5.0
 30
0.0
 11
0.0
 21
12.15
 31
0.0
  0
LINE
  5
3E6
330
3DE
100
AcDbEntity
  8
0
  6
Continuous
 62
     0
370
    18
100
AcDbLine
 10
-5.0
 20
0.0
 30
0.0
 11
-12.15
 21
0.0
 31
0.0
  0
LINE
  5
3E7
330
3DE
100
AcDbEntity
  8
0
  6
Continuous
 62
     0
370
    18
100
AcDbLine
 10
0.0
 20
-5.0
 30
0.0
 11
0.0
 21
-12.15
 31
0.0
  0
LINE
  5
3E8
330
3DE
100
AcDbEntity
  8
0
  6
Continuous
 62
     0
370
    18
100
AcDbLine
 10
5.0
 20
0.0
 30
0.0
 11
12.15
 21
0.0
 31
0.0
  0
ENDBLK
  5
3E0
330
3DE
100
AcDbEntity
  8
0
100
AcDbBlockEnd
  0
BLOCK
  5
3EB
330
3EA
100
AcDbEntity
  8
0
100
AcDbBlockBegin
  2
SW_CENTERMARKSYMBOL_21
 70
     0
 10
0.0
 20
0.0
 30
0.0
  3
SW_CENTERMARKSYMBOL_21
  1

  0
LINE
  5
3ED
330
3EA
100
AcDbEntity
  8
0
  6
Continuous
 62
     0
370
    18
100
AcDbLine
 10
0.0
 20
0.0
 30
0.0
 11
0.0
 21
2.5
 31
0.0
  0
LINE
  5
3EE
330
3EA
100
AcDbEntity
  8
0
  6
Continuous
 62
     0
370
    18
100
AcDbLine
 10
0.0
 20
0.0
 30
0.0
 11
-2.5
 21
0.0
 31
0.0
  0
LINE
  5
3EF
330
3EA
100
AcDbEntity
  8
0
  6
Continuous
 62
     0
370
    18
100
AcDbLine
 10
0.0
 20
0.0
 30
0.0
 11
0.0
 21
-2.5
 31
0.0
  0
LINE
  5
3F0
330
3EA
100
AcDbEntity
  8
0
  6
Continuous
 62
     0
370
    18
100
AcDbLine
 10
0.0
 20
0.0
 30
0.0
 11
2.5
 21
0.0
 31
0.0
  0
LINE
  5
3F1
330
3EA
100
AcDbEntity
  8
0
  6
Continuous
 62
     0
370
    18
100
AcDbLine
 10
0.0
 20
2.5
 30
0.0
 11
0.0
 21
4.25
 31
0.0
  0
LINE
  5
3F2
330
3EA
100
AcDbEntity
  8
0
  6
Continuous
 62
     0
370
    18
100
AcDbLine
 10
-2.5
 20
0.0
 30
0.0
 11
-4.25
 21
0.0
 31
0.0
  0
LINE
  5
3F3
330
3EA
100
AcDbEntity
  8
0
  6
Continuous
 62
     0
370
    18
100
AcDbLine
 10
0.0
 20
-2.5
 30
0.0
 11
0.0
 21
-4.25
 31
0.0
  0
LINE
  5
3F4
330
3EA
100
AcDbEntity
  8
0
  6
Continuous
 62
     0
370
    18
100
AcDbLine
 10
2.5
 20
0.0
 30
0.0
 11
4.25
 21
0.0
 31
0.0
  0
ENDBLK
  5
3EC
330
3EA
100
AcDbEntity
  8
0
100
AcDbBlockEnd
  0
BLOCK
  5
3F7
330
3F6
100
AcDbEntity
  8
0
100
AcDbBlockBegin
  2
SW_CENTERMARKSYMBOL_22
 70
     0
 10
0.0
 20
0.0
 30
0.0
  3
SW_CENTERMARKSYMBOL_22
  1

  0
LINE
  5
3F9
330
3F6
100
AcDbEntity
  8
0
  6
Continuous
 62
     0
370
    18
100
AcDbLine
 10
0.0
 20
0.0
 30
0.0
 11
0.0
 21
2.5
 31
0.0
  0
LINE
  5
3FA
330
3F6
100
AcDbEntity
  8
0
  6
Continuous
 62
     0
370
    18
100
AcDbLine
 10
0.0
 20
0.0
 30
0.0
 11
-2.5
 21
0.0
 31
0.0
  0
LINE
  5
3FB
330
3F6
100
AcDbEntity
  8
0
  6
Continuous
 62
     0
370
    18
100
AcDbLine
 10
0.0
 20
0.0
 30
0.0
 11
0.0
 21
-2.5
 31
0.0
  0
LINE
  5
3FC
330
3F6
100
AcDbEntity
  8
0
  6
Continuous
 62
     0
370
    18
100
AcDbLine
 10
0.0
 20
0.0
 30
0.0
 11
2.5
 21
0.0
 31
0.0
  0
LINE
  5
3FD
330
3F6
100
AcDbEntity
  8
0
  6
Continuous
 62
     0
370
    18
100
AcDbLine
 10
0.0
 20
2.5
 30
0.0
 11
0.0
 21
4.25
 31
0.0
  0
LINE
  5
3FE
330
3F6
100
AcDbEntity
  8
0
  6
Continuous
 62
     0
370
    18
100
AcDbLine
 10
-2.5
 20
0.0
 30
0.0
 11
-4.25
 21
0.0
 31
0.0
  0
LINE
  5
3FF
330
3F6
100
AcDbEntity
  8
0
  6
Continuous
 62
     0
370
    18
100
AcDbLine
 10
0.0
 20
-2.5
 30
0.0
 11
0.0
 21
-4.25
 31
0.0
  0
LINE
  5
400
330
3F6
100
AcDbEntity
  8
0
  6
Continuous
 62
     0
370
    18
100
AcDbLine
 10
2.5
 20
0.0
 30
0.0
 11
4.25
 21
0.0
 31
0.0
  0
ENDBLK
  5
3F8
330
3F6
100
AcDbEntity
  8
0
100
AcDbBlockEnd
  0
BLOCK
  5
403
330
402
100
AcDbEntity
  8
0
100
AcDbBlockBegin
  2
SW_CENTERMARKSYMBOL_23
 70
     0
 10
0.0
 20
0.0
 30
0.0
  3
SW_CENTERMARKSYMBOL_23
  1

  0
LINE
  5
405
330
402
100
AcDbEntity
  8
0
  6
Continuous
 62
     0
370
    18
100
AcDbLine
 10
0.0
 20
0.0
 30
0.0
 11
0.0
 21
2.5
 31
0.0
  0
LINE
  5
406
330
402
100
AcDbEntity
  8
0
  6
Continuous
 62
     0
370
    18
100
AcDbLine
 10
0.0
 20
0.0
 30
0.0
 11
-2.5
 21
0.0
 31
0.0
  0
LINE
  5
407
330
402
100
AcDbEntity
  8
0
  6
Continuous
 62
     0
370
    18
100
AcDbLine
 10
0.0
 20
0.0
 30
0.0
 11
0.0
 21
-2.5
 31
0.0
  0
LINE
  5
408
330
402
100
AcDbEntity
  8
0
  6
Continuous
 62
     0
370
    18
100
AcDbLine
 10
0.0
 20
0.0
 30
0.0
 11
2.5
 21
0.0
 31
0.0
  0
LINE
  5
409
330
402
100
AcDbEntity
  8
0
  6
Continuous
 62
     0
370
    18
100
AcDbLine
 10
0.0
 20
2.5
 30
0.0
 11
0.0
 21
4.25
 31
0.0
  0
LINE
  5
40A
330
402
100
AcDbEntity
  8
0
  6
Continuous
 62
     0
370
    18
100
AcDbLine
 10
-2.5
 20
0.0
 30
0.0
 11
-4.25
 21
0.0
 31
0.0
  0
LINE
  5
40B
330
402
100
AcDbEntity
  8
0
  6
Continuous
 62
     0
370
    18
100
AcDbLine
 10
0.0
 20
-2.5
 30
0.0
 11
0.0
 21
-4.25
 31
0.0
  0
LINE
  5
40C
330
402
100
AcDbEntity
  8
0
  6
Continuous
 62
     0
370
    18
100
AcDbLine
 10
2.5
 20
0.0
 30
0.0
 11
4.25
 21
0.0
 31
0.0
  0
ENDBLK
  5
404
330
402
100
AcDbEntity
  8
0
100
AcDbBlockEnd
  0
BLOCK
  5
40F
330
40E
100
AcDbEntity
  8
0
100
AcDbBlockBegin
  2
SW_CENTERMARKSYMBOL_24
 70
     0
 10
0.0
 20
0.0
 30
0.0
  3
SW_CENTERMARKSYMBOL_24
  1

  0
LINE
  5
411
330
40E
100
AcDbEntity
  8
0
  6
Continuous
 62
     0
370
    18
100
AcDbLine
 10
0.0
 20
0.0
 30
0.0
 11
0.0
 21
2.5
 31
0.0
  0
LINE
  5
412
330
40E
100
AcDbEntity
  8
0
  6
Continuous
 62
     0
370
    18
100
AcDbLine
 10
0.0
 20
0.0
 30
0.0
 11
-2.5
 21
0.0
 31
0.0
  0
LINE
  5
413
330
40E
100
AcDbEntity
  8
0
  6
Continuous
 62
     0
370
    18
100
AcDbLine
 10
0.0
 20
0.0
 30
0.0
 11
0.0
 21
-2.5
 31
0.0
  0
LINE
  5
414
330
40E
100
AcDbEntity
  8
0
  6
Continuous
 62
     0
370
    18
100
AcDbLine
 10
0.0
 20
0.0
 30
0.0
 11
2.5
 21
0.0
 31
0.0
  0
LINE
  5
415
330
40E
100
AcDbEntity
  8
0
  6
Continuous
 62
     0
370
    18
100
AcDbLine
 10
0.0
 20
2.5
 30
0.0
 11
0.0
 21
4.25
 31
0.0
  0
LINE
  5
416
330
40E
100
AcDbEntity
  8
0
  6
Continuous
 62
     0
370
    18
100
AcDbLine
 10
-2.5
 20
0.0
 30
0.0
 11
-4.25
 21
0.0
 31
0.0
  0
LINE
  5
417
330
40E
100
AcDbEntity
  8
0
  6
Continuous
 62
     0
370
    18
100
AcDbLine
 10
0.0
 20
-2.5
 30
0.0
 11
0.0
 21
-4.25
 31
0.0
  0
LINE
  5
418
330
40E
100
AcDbEntity
  8
0
  6
Continuous
 62
     0
370
    18
100
AcDbLine
 10
2.5
 20
0.0
 30
0.0
 11
4.25
 21
0.0
 31
0.0
  0
ENDBLK
  5
410
330
40E
100
AcDbEntity
  8
0
100
AcDbBlockEnd
  0
ENDSEC
  0
SECTION
  2
ENTITIES
  0
LINE
  5
64
330
1F
100
AcDbEntity
  8
0
  6
Continuous
 62
     7
370
    50
100
AcDbLine
 10
651.0
 20
14.25
 30
0.0
 11
831.0
 21
14.25
 31
0.0
  0
LINE
  5
65
330
1F
100
AcDbEntity
  8
0
  6
Continuous
 62
     7
370
    50
100
AcDbLine
 10
831.0
 20
48.25
 30
0.0
 11
651.0
 21
48.25
 31
0.0
  0
LINE
  5
66
330
1F
100
AcDbEntity
  8
0
  6
Continuous
 62
     7
370
    50
100
AcDbLine
 10
651.0
 20
65.25
 30
0.0
 11
831.0
 21
65.25
 31
0.0
  0
LINE
  5
67
330
1F
100
AcDbEntity
  8
0
  6
Continuous
 62
     7
370
    50
100
AcDbLine
 10
677.9909524338
 20
48.25
 30
0.0
 11
677.9909524338
 21
10.0
 31
0.0
  0
LINE
  5
68
330
1F
100
AcDbEntity
  8
0
  6
Continuous
 62
     7
370
    50
100
AcDbLine
 10
749.8
 20
31.25
 30
0.0
 11
651.0
 21
31.25
 31
0.0
  0
LINE
  5
69
330
1F
100
AcDbEntity
  8
0
  6
Continuous
 62
     7
370
    50
100
AcDbLine
 10
749.8
 20
35.5
 30
0.0
 11
651.0
 21
35.5
 31
0.0
  0
LINE
  5
6A
330
1F
100
AcDbEntity
  8
0
  6
Continuous
 62
     7
370
    50
100
AcDbLine
 10
749.8
 20
39.75
 30
0.0
 11
651.0
 21
39.75
 31
0.0
  0
LINE
  5
6B
330
1F
100
AcDbEntity
  8
0
  6
Continuous
 62
     7
370
    50
100
AcDbLine
 10
749.8
 20
44.0
 30
0.0
 11
651.0
 21
44.0
 31
0.0
  0
LINE
  5
6C
330
1F
100
AcDbEntity
  8
0
  6
Continuous
 62
     7
370
    50
100
AcDbLine
 10
705.6
 20
10.0
 30
0.0
 11
705.6
 21
48.25
 31
0.0
  0
LINE
  5
6D
330
1F
100
AcDbEntity
  8
0
  6
Continuous
 62
     7
370
    50
100
AcDbLine
 10
651.0
 20
65.25
 30
0.0
 11
651.0
 21
10.0
 31
0.0
  0
LINE
  5
6E
330
1F
100
AcDbEntity
  8
0
  6
Continuous
 62
     7
370
    50
100
AcDbLine
 10
658.8
 20
48.25
 30
0.0
 11
658.8
 21
10.0
 31
0.0
  0
LINE
  5
6F
330
1F
100
AcDbEntity
  8
0
  6
Continuous
 62
     7
370
    50
100
AcDbLine
 10
684.8
 20
48.25
 30
0.0
 11
684.8
 21
65.25
 31
0.0
  0
LINE
  5
70
330
1F
100
AcDbEntity
  8
0
  6
Continuous
 62
     7
370
    50
100
AcDbLine
 10
695.3989261635
 20
48.25
 30
0.0
 11
695.3989261635
 21
10.0
 31
0.0
  0
LINE
  5
71
330
1F
100
AcDbEntity
  8
0
  6
Continuous
 62
     7
370
    50
100
AcDbLine
 10
716.0
 20
31.25
 30
0.0
 11
716.0
 21
48.25
 31
0.0
  0
LINE
  5
72
330
1F
100
AcDbEntity
  8
0
  6
Continuous
 62
     7
370
    50
100
AcDbLine
 10
705.6
 20
18.5
 30
0.0
 11
651.0
 21
18.5
 31
0.0
  0
LINE
  5
73
330
1F
100
AcDbEntity
  8
0
  6
Continuous
 62
     7
370
    50
100
AcDbLine
 10
731.6
 20
65.25
 30
0.0
 11
731.6
 21
27.0
 31
0.0
  0
LINE
  5
74
330
1F
100
AcDbEntity
  8
0
  6
Continuous
 62
     7
370
    50
100
AcDbLine
 10
705.6
 20
22.749928
 30
0.0
 11
651.0
 21
22.749928
 31
0.0
  0
LINE
  5
75
330
1F
100
AcDbEntity
  8
0
  6
Continuous
 62
     7
370
    50
100
AcDbLine
 10
705.6
 20
27.0
 30
0.0
 11
651.0
 21
27.0
 31
0.0
  0
LINE
  5
76
330
1F
100
AcDbEntity
  8
0
  6
Continuous
 62
     7
370
    50
100
AcDbLine
 10
705.6
 20
27.0
 30
0.0
 11
831.0
 21
27.0
 31
0.0
  0
LINE
  5
77
330
1F
100
AcDbEntity
  8
0
  6
Continuous
 62
     7
370
    50
100
AcDbLine
 10
749.8
 20
65.25
 30
0.0
 11
749.8
 21
10.0
 31
0.0
  0
LINE
  5
78
330
1F
100
AcDbEntity
  8
0
  6
Continuous
 62
     7
370
    50
100
AcDbLine
 10
794.0
 20
10.0
 30
0.0
 11
794.0
 21
14.25
 31
0.0
  0
LINE
  5
79
330
1F
100
AcDbEntity
  8
0
  6
Continuous
 62
     7
370
    50
100
AcDbLine
 10
801.8
 20
58.875
 30
0.0
 11
801.8
 21
65.25
 31
0.0
  0
LINE
  5
7A
330
1F
100
AcDbEntity
  8
0
  6
Continuous
 62
     7
370
    50
100
AcDbLine
 10
818.0
 20
14.25
 30
0.0
 11
818.0
 21
27.0
 31
0.0
  0
LINE
  5
7B
330
1F
100
AcDbEntity
  8
0
  6
Continuous
 62
     7
370
    50
100
AcDbLine
 10
831.0
 20
58.875
 30
0.0
 11
749.8
 21
58.875
 31
0.0
  0
LINE
  5
7C
330
1F
100
AcDbEntity
  8
0
  6
Continuous
 62
     7
370
    50
100
AcDbLine
 10
831.0
 20
18.5
 30
0.0
 11
818.0
 21
18.5
 31
0.0
  0
LINE
  5
7D
330
1F
100
AcDbEntity
  8
0
  6
Continuous
 62
     7
370
    70
100
AcDbLine
 10
20.0
 20
10.0
 30
0.0
 11
20.0
 21
584.0
 31
0.0
  0
LINE
  5
7E
330
1F
100
AcDbEntity
  8
0
  6
Continuous
 62
     7
370
    70
100
AcDbLine
 10
20.0
 20
584.0
 30
0.0
 11
831.0
 21
584.0
 31
0.0
  0
LINE
  5
7F
330
1F
100
AcDbEntity
  8
0
  6
Continuous
 62
     7
370
    70
100
AcDbLine
 10
831.0
 20
584.0
 30
0.0
 11
831.0
 21
10.0
 31
0.0
  0
LINE
  5
80
330
1F
100
AcDbEntity
  8
0
  6
Continuous
 62
     7
370
    70
100
AcDbLine
 10
831.0
 20
10.0
 30
0.0
 11
20.0
 21
10.0
 31
0.0
  0
LINE
  5
81
330
1F
100
AcDbEntity
  8
0
  6
Continuous
 62
     7
370
    70
100
AcDbLine
 10
15.0
 20
5.0
 30
0.0
 11
15.0
 21
589.0
 31
0.0
  0
LINE
  5
82
330
1F
100
AcDbEntity
  8
0
  6
Continuous
 62
     7
370
    70
100
AcDbLine
 10
15.0
 20
589.0
 30
0.0
 11
836.0
 21
589.0
 31
0.0
  0
LINE
  5
83
330
1F
100
AcDbEntity
  8
0
  6
Continuous
 62
     7
370
    70
100
AcDbLine
 10
836.0
 20
589.0
 30
0.0
 11
836.0
 21
5.0
 31
0.0
  0
LINE
  5
84
330
1F
100
AcDbEntity
  8
0
  6
Continuous
 62
     7
370
    70
100
AcDbLine
 10
836.0
 20
5.0
 30
0.0
 11
15.0
 21
5.0
 31
0.0
  0
LINE
  5
85
330
1F
100
AcDbEntity
  8
0
  6
Continuous
 62
     7
370
    35
100
AcDbLine
 10
15.0
 20
297.0
 30
0.0
 11
25.0
 21
297.0
 31
0.0
  0
LINE
  5
86
330
1F
100
AcDbEntity
  8
0
  6
Continuous
 62
     7
370
    35
100
AcDbLine
 10
425.5
 20
589.0
 30
0.0
 11
425.5
 21
579.0
 31
0.0
  0
LINE
  5
87
330
1F
100
AcDbEntity
  8
0
  6
Continuous
 62
     7
370
    35
100
AcDbLine
 10
836.0
 20
297.0
 30
0.0
 11
826.0
 21
297.0
 31
0.0
  0
LINE
  5
88
330
1F
100
AcDbEntity
  8
0
  6
Continuous
 62
     7
370
    35
100
AcDbLine
 10
425.5
 20
5.0
 30
0.0
 11
425.5
 21
15.0
 31
0.0
  0
LINE
  5
89
330
1F
100
AcDbEntity
  8
0
  6
Continuous
 62
     7
370
    35
100
AcDbLine
 10
20.0
 20
47.0
 30
0.0
 11
15.0
 21
47.0
 31
0.0
  0
LINE
  5
8A
330
1F
100
AcDbEntity
  8
0
  6
Continuous
 62
     7
370
    35
100
AcDbLine
 10
831.0
 20
47.0
 30
0.0
 11
836.0
 21
47.0
 31
0.0
  0
LINE
  5
8B
330
1F
100
AcDbEntity
  8
0
  6
Continuous
 62
     7
370
    35
100
AcDbLine
 10
20.0
 20
97.0
 30
0.0
 11
15.0
 21
97.0
 31
0.0
  0
LINE
  5
8C
330
1F
100
AcDbEntity
  8
0
  6
Continuous
 62
     7
370
    35
100
AcDbLine
 10
831.0
 20
97.0
 30
0.0
 11
836.0
 21
97.0
 31
0.0
  0
LINE
  5
8D
330
1F
100
AcDbEntity
  8
0
  6
Continuous
 62
     7
370
    35
100
AcDbLine
 10
20.0
 20
147.0
 30
0.0
 11
15.0
 21
147.0
 31
0.0
  0
LINE
  5
8E
330
1F
100
AcDbEntity
  8
0
  6
Continuous
 62
     7
370
    35
100
AcDbLine
 10
831.0
 20
147.0
 30
0.0
 11
836.0
 21
147.0
 31
0.0
  0
LINE
  5
8F
330
1F
100
AcDbEntity
  8
0
  6
Continuous
 62
     7
370
    35
100
AcDbLine
 10
20.0
 20
197.0
 30
0.0
 11
15.0
 21
197.0
 31
0.0
  0
LINE
  5
90
330
1F
100
AcDbEntity
  8
0
  6
Continuous
 62
     7
370
    35
100
AcDbLine
 10
831.0
 20
197.0
 30
0.0
 11
836.0
 21
197.0
 31
0.0
  0
LINE
  5
91
330
1F
100
AcDbEntity
  8
0
  6
Continuous
 62
     7
370
    35
100
AcDbLine
 10
20.0
 20
247.0
 30
0.0
 11
15.0
 21
247.0
 31
0.0
  0
LINE
  5
92
330
1F
100
AcDbEntity
  8
0
  6
Continuous
 62
     7
370
    35
100
AcDbLine
 10
831.0
 20
247.0
 30
0.0
 11
836.0
 21
247.0
 31
0.0
  0
LINE
  5
93
330
1F
100
AcDbEntity
  8
0
  6
Continuous
 62
     7
370
    35
100
AcDbLine
 10
20.0
 20
297.0
 30
0.0
 11
15.0
 21
297.0
 31
0.0
  0
LINE
  5
94
330
1F
100
AcDbEntity
  8
0
  6
Continuous
 62
     7
370
    35
100
AcDbLine
 10
831.0
 20
297.0
 30
0.0
 11
836.0
 21
297.0
 31
0.0
  0
LINE
  5
95
330
1F
100
AcDbEntity
  8
0
  6
Continuous
 62
     7
370
    35
100
AcDbLine
 10
20.0
 20
347.0
 30
0.0
 11
15.0
 21
347.0
 31
0.0
  0
LINE
  5
96
330
1F
100
AcDbEntity
  8
0
  6
Continuous
 62
     7
370
    35
100
AcDbLine
 10
831.0
 20
347.0
 30
0.0
 11
836.0
 21
347.0
 31
0.0
  0
LINE
  5
97
330
1F
100
AcDbEntity
  8
0
  6
Continuous
 62
     7
370
    35
100
AcDbLine
 10
20.0
 20
397.0
 30
0.0
 11
15.0
 21
397.0
 31
0.0
  0
LINE
  5
98
330
1F
100
AcDbEntity
  8
0
  6
Continuous
 62
     7
370
    35
100
AcDbLine
 10
831.0
 20
397.0
 30
0.0
 11
836.0
 21
397.0
 31
0.0
  0
LINE
  5
99
330
1F
100
AcDbEntity
  8
0
  6
Continuous
 62
     7
370
    35
100
AcDbLine
 10
20.0
 20
447.0
 30
0.0
 11
15.0
 21
447.0
 31
0.0
  0
LINE
  5
9A
330
1F
100
AcDbEntity
  8
0
  6
Continuous
 62
     7
370
    35
100
AcDbLine
 10
831.0
 20
447.0
 30
0.0
 11
836.0
 21
447.0
 31
0.0
  0
LINE
  5
9B
330
1F
100
AcDbEntity
  8
0
  6
Continuous
 62
     7
370
    35
100
AcDbLine
 10
20.0
 20
497.0
 30
0.0
 11
15.0
 21
497.0
 31
0.0
  0
LINE
  5
9C
330
1F
100
AcDbEntity
  8
0
  6
Continuous
 62
     7
370
    35
100
AcDbLine
 10
831.0
 20
497.0
 30
0.0
 11
836.0
 21
497.0
 31
0.0
  0
LINE
  5
9D
330
1F
100
AcDbEntity
  8
0
  6
Continuous
 62
     7
370
    35
100
AcDbLine
 10
20.0
 20
547.0
 30
0.0
 11
15.0
 21
547.0
 31
0.0
  0
LINE
  5
9E
330
1F
100
AcDbEntity
  8
0
  6
Continuous
 62
     7
370
    35
100
AcDbLine
 10
831.0
 20
547.0
 30
0.0
 11
836.0
 21
547.0
 31
0.0
  0
LINE
  5
9F
330
1F
100
AcDbEntity
  8
0
  6
Continuous
 62
     7
370
    35
100
AcDbLine
 10
75.5
 20
584.0
 30
0.0
 11
75.5
 21
589.0
 31
0.0
  0
LINE
  5
A0
330
1F
100
AcDbEntity
  8
0
  6
Continuous
 62
     7
370
    35
100
AcDbLine
 10
75.5
 20
10.0
 30
0.0
 11
75.5
 21
5.0
 31
0.0
  0
LINE
  5
A1
330
1F
100
AcDbEntity
  8
0
  6
Continuous
 62
     7
370
    35
100
AcDbLine
 10
125.5
 20
584.0
 30
0.0
 11
125.5
 21
589.0
 31
0.0
  0
LINE
  5
A2
330
1F
100
AcDbEntity
  8
0
  6
Continuous
 62
     7
370
    35
100
AcDbLine
 10
125.5
 20
10.0
 30
0.0
 11
125.5
 21
5.0
 31
0.0
  0
LINE
  5
A3
330
1F
100
AcDbEntity
  8
0
  6
Continuous
 62
     7
370
    35
100
AcDbLine
 10
175.5
 20
584.0
 30
0.0
 11
175.5
 21
589.0
 31
0.0
  0
LINE
  5
A4
330
1F
100
AcDbEntity
  8
0
  6
Continuous
 62
     7
370
    35
100
AcDbLine
 10
175.5
 20
10.0
 30
0.0
 11
175.5
 21
5.0
 31
0.0
  0
LINE
  5
A5
330
1F
100
AcDbEntity
  8
0
  6
Continuous
 62
     7
370
    35
100
AcDbLine
 10
225.5
 20
584.0
 30
0.0
 11
225.5
 21
589.0
 31
0.0
  0
LINE
  5
A6
330
1F
100
AcDbEntity
  8
0
  6
Continuous
 62
     7
370
    35
100
AcDbLine
 10
225.5
 20
10.0
 30
0.0
 11
225.5
 21
5.0
 31
0.0
  0
LINE
  5
A7
330
1F
100
AcDbEntity
  8
0
  6
Continuous
 62
     7
370
    35
100
AcDbLine
 10
275.5
 20
584.0
 30
0.0
 11
275.5
 21
589.0
 31
0.0
  0
LINE
  5
A8
330
1F
100
AcDbEntity
  8
0
  6
Continuous
 62
     7
370
    35
100
AcDbLine
 10
275.5
 20
10.0
 30
0.0
 11
275.5
 21
5.0
 31
0.0
  0
LINE
  5
A9
330
1F
100
AcDbEntity
  8
0
  6
Continuous
 62
     7
370
    35
100
AcDbLine
 10
325.5
 20
584.0
 30
0.0
 11
325.5
 21
589.0
 31
0.0
  0
LINE
  5
AA
330
1F
100
AcDbEntity
  8
0
  6
Continuous
 62
     7
370
    35
100
AcDbLine
 10
325.5
 20
10.0
 30
0.0
 11
325.5
 21
5.0
 31
0.0
  0
LINE
  5
AB
330
1F
100
AcDbEntity
  8
0
  6
Continuous
 62
     7
370
    35
100
AcDbLine
 10
375.5
 20
584.0
 30
0.0
 11
375.5
 21
589.0
 31
0.0
  0
LINE
  5
AC
330
1F
100
AcDbEntity
  8
0
  6
Continuous
 62
     7
370
    35
100
AcDbLine
 10
375.5
 20
10.0
 30
0.0
 11
375.5
 21
5.0
 31
0.0
  0
LINE
  5
AD
330
1F
100
AcDbEntity
  8
0
  6
Continuous
 62
     7
370
    35
100
AcDbLine
 10
425.5
 20
584.0
 30
0.0
 11
425.5
 21
589.0
 31
0.0
  0
LINE
  5
AE
330
1F
100
AcDbEntity
  8
0
  6
Continuous
 62
     7
370
    35
100
AcDbLine
 10
425.5
 20
10.0
 30
0.0
 11
425.5
 21
5.0
 31
0.0
  0
LINE
  5
AF
330
1F
100
AcDbEntity
  8
0
  6
Continuous
 62
     7
370
    35
100
AcDbLine
 10
475.5
 20
584.0
 30
0.0
 11
475.5
 21
589.0
 31
0.0
  0
LINE
  5
B0
330
1F
100
AcDbEntity
  8
0
  6
Continuous
 62
     7
370
    35
100
AcDbLine
 10
475.5
 20
10.0
 30
0.0
 11
475.5
 21
5.0
 31
0.0
  0
LINE
  5
B1
330
1F
100
AcDbEntity
  8
0
  6
Continuous
 62
     7
370
    35
100
AcDbLine
 10
525.5
 20
584.0
 30
0.0
 11
525.5
 21
589.0
 31
0.0
  0
LINE
  5
B2
330
1F
100
AcDbEntity
  8
0
  6
Continuous
 62
     7
370
    35
100
AcDbLine
 10
525.5
 20
10.0
 30
0.0
 11
525.5
 21
5.0
 31
0.0
  0
LINE
  5
B3
330
1F
100
AcDbEntity
  8
0
  6
Continuous
 62
     7
370
    35
100
AcDbLine
 10
575.5
 20
584.0
 30
0.0
 11
575.5
 21
589.0
 31
0.0
  0
LINE
  5
B4
330
1F
100
AcDbEntity
  8
0
  6
Continuous
 62
     7
370
    35
100
AcDbLine
 10
575.5
 20
10.0
 30
0.0
 11
575.5
 21
5.0
 31
0.0
  0
LINE
  5
B5
330
1F
100
AcDbEntity
  8
0
  6
Continuous
 62
     7
370
    35
100
AcDbLine
 10
625.5
 20
584.0
 30
0.0
 11
625.5
 21
589.0
 31
0.0
  0
LINE
  5
B6
330
1F
100
AcDbEntity
  8
0
  6
Continuous
 62
     7
370
    35
100
AcDbLine
 10
625.5
 20
10.0
 30
0.0
 11
625.5
 21
5.0
 31
0.0
  0
LINE
  5
B7
330
1F
100
AcDbEntity
  8
0
  6
Continuous
 62
     7
370
    35
100
AcDbLine
 10
675.5
 20
584.0
 30
0.0
 11
675.5
 21
589.0
 31
0.0
  0
LINE
  5
B8
330
1F
100
AcDbEntity
  8
0
  6
Continuous
 62
     7
370
    35
100
AcDbLine
 10
675.5
 20
10.0
 30
0.0
 11
675.5
 21
5.0
 31
0.0
  0
LINE
  5
B9
330
1F
100
AcDbEntity
  8
0
  6
Continuous
 62
     7
370
    35
100
AcDbLine
 10
725.5
 20
584.0
 30
0.0
 11
725.5
 21
589.0
 31
0.0
  0
LINE
  5
BA
330
1F
100
AcDbEntity
  8
0
  6
Continuous
 62
     7
370
    35
100
AcDbLine
 10
725.5
 20
10.0
 30
0.0
 11
725.5
 21
5.0
 31
0.0
  0
LINE
  5
BB
330
1F
100
AcDbEntity
  8
0
  6
Continuous
 62
     7
370
    35
100
AcDbLine
 10
775.5
 20
584.0
 30
0.0
 11
775.5
 21
589.0
 31
0.0
  0
LINE
  5
BC
330
1F
100
AcDbEntity
  8
0
  6
Continuous
 62
     7
370
    35
100
AcDbLine
 10
775.5
 20
10.0
 30
0.0
 11
775.5
 21
5.0
 31
0.0
  0
MTEXT
  5
BE
330
1F
100
AcDbEntity
  8
0
  6
Continuous
 62
     7
370
     0
100
AcDbMText
 10
17.3396881428
 20
30.4970590138
 30
0.0
 40
3.96875
 41
0.0
 71
     2
 72
     1
  1
A
  7
SLDTEXTSTYLE0
 73
     1
 44
1.0
  0
MTEXT
  5
BF
330
1F
100
AcDbEntity
  8
0
  6
Continuous
 62
     7
370
     0
100
AcDbMText
 10
833.3396881428
 20
30.4970590138
 30
0.0
 40
3.96875
 41
0.0
 71
     2
 72
     1
  1
A
  7
SLDTEXTSTYLE0
 73
     1
 44
1.0
  0
MTEXT
  5
C0
330
1F
100
AcDbEntity
  8
0
  6
Continuous
 62
     7
370
     0
100
AcDbMText
 10
17.4706018241
 20
73.9970590138
 30
0.0
 40
3.96875
 41
0.0
 71
     2
 72
     1
  1
B
  7
SLDTEXTSTYLE0
 73
     1
 44
1.0
  0
MTEXT
  5
C1
330
1F
100
AcDbEntity
  8
0
  6
Continuous
 62
     7
370
     0
100
AcDbMText
 10
833.4706018241
 20
73.9970590138
 30
0.0
 40
3.96875
 41
0.0
 71
     2
 72
     1
  1
B
  7
SLDTEXTSTYLE0
 73
     1
 44
1.0
  0
MTEXT
  5
C2
330
1F
100
AcDbEntity
  8
0
  6
Continuous
 62
     7
370
     0
100
AcDbMText
 10
17.458658902
 20
123.9383046072
 30
0.0
 40
3.96875
 41
0.0
 71
     2
 72
     1
  1
C
  7
SLDTEXTSTYLE0
 73
     1
 44
1.0
  0
MTEXT
  5
C3
330
1F
100
AcDbEntity
  8
0
  6
Continuous
 62
     7
370
     0
100
AcDbMText
 10
833.458658902
 20
123.9383046072
 30
0.0
 40
3.96875
 41
0.0
 71
     2
 72
     1
  1
C
  7
SLDTEXTSTYLE0
 73
     1
 44
1.0
  0
MTEXT
  5
C4
330
1F
100
AcDbEntity
  8
0
  6
Continuous
 62
     7
370
     0
100
AcDbMText
 10
17.4526872821
 20
173.9970590138
 30
0.0
 40
3.96875
 41
0.0
 71
     2
 72
     1
  1
D
  7
SLDTEXTSTYLE0
 73
     1
 44
1.0
  0
MTEXT
  5
C5
330
1F
100
AcDbEntity
  8
0
  6
Continuous
 62
     7
370
     0
100
AcDbMText
 10
833.4526872821
 20
173.9970590138
 30
0.0
 40
3.96875
 41
0.0
 71
     2
 72
     1
  1
D
  7
SLDTEXTSTYLE0
 73
     1
 44
1.0
  0
MTEXT
  5
C6
330
1F
100
AcDbEntity
  8
0
  6
Continuous
 62
     7
370
     0
100
AcDbMText
 10
17.5078089051
 20
223.9383046072
 30
0.0
 40
3.96875
 41
0.0
 71
     2
 72
     1
  1
E
  7
SLDTEXTSTYLE0
 73
     1
 44
1.0
  0
MTEXT
  5
C7
330
1F
100
AcDbEntity
  8
0
  6
Continuous
 62
     7
370
     0
100
AcDbMText
 10
833.5078089051
 20
223.9383046072
 30
0.0
 40
3.96875
 41
0.0
 71
     2
 72
     1
  1
E
  7
SLDTEXTSTYLE0
 73
     1
 44
1.0
  0
MTEXT
  5
C8
330
1F
100
AcDbEntity
  8
0
  6
Continuous
 62
     7
370
     0
100
AcDbMText
 10
17.4577402091
 20
273.9970590138
 30
0.0
 40
3.96875
 41
0.0
 71
     2
 72
     1
  1
F
  7
SLDTEXTSTYLE0
 73
     1
 44
1.0
  0
MTEXT
  5
C9
330
1F
100
AcDbEntity
  8
0
  6
Continuous
 62
     7
370
     0
100
AcDbMText
 10
833.4577402091
 20
273.9970590138
 30
0.0
 40
3.96875
 41
0.0
 71
     2
 72
     1
  1
F
  7
SLDTEXTSTYLE0
 73
     1
 44
1.0
  0
MTEXT
  5
CA
330
1F
100
AcDbEntity
  8
0
  6
Continuous
 62
     7
370
     0
100
AcDbMText
 10
17.4866788853
 20
323.9383046072
 30
0.0
 40
3.96875
 41
0.0
 71
     2
 72
     1
  1
G
  7
SLDTEXTSTYLE0
 73
     1
 44
1.0
  0
MTEXT
  5
CB
330
1F
100
AcDbEntity
  8
0
  6
Continuous
 62
     7
370
     0
100
AcDbMText
 10
833.4866788853
 20
323.9383046072
 30
0.0
 40
3.96875
 41
0.0
 71
     2
 72
     1
  1
G
  7
SLDTEXTSTYLE0
 73
     1
 44
1.0
  0
MTEXT
  5
CC
330
1F
100
AcDbEntity
  8
0
  6
Continuous
 62
     7
370
     0
100
AcDbMText
 10
17.4903537836
 20
373.9970590138
 30
0.0
 40
3.96875
 41
0.0
 71
     2
 72
     1
  1
H
  7
SLDTEXTSTYLE0
 73
     1
 44
1.0
  0
MTEXT
  5
CD
330
1F
100
AcDbEntity
  8
0
  6
Continuous
 62
     7
370
     0
100
AcDbMText
 10
833.4903537836
 20
373.9970590138
 30
0.0
 40
3.96875
 41
0.0
 71
     2
 72
     1
  1
H
  7
SLDTEXTSTYLE0
 73
     1
 44
1.0
  0
MTEXT
  5
CE
330
1F
100
AcDbEntity
  8
0
  6
Continuous
 62
     7
370
     0
100
AcDbMText
 10
17.4650897412
 20
423.9383046072
 30
0.0
 40
3.96875
 41
0.0
 71
     2
 72
     1
  1
J
  7
SLDTEXTSTYLE0
 73
     1
 44
1.0
  0
MTEXT
  5
CF
330
1F
100
AcDbEntity
  8
0
  6
Continuous
 62
     7
370
     0
100
AcDbMText
 10
833.4650897412
 20
423.9383046072
 30
0.0
 40
3.96875
 41
0.0
 71
     2
 72
     1
  1
J
  7
SLDTEXTSTYLE0
 73
     1
 44
1.0
  0
MTEXT
  5
D0
330
1F
100
AcDbEntity
  8
0
  6
Continuous
 62
     7
370
     0
100
AcDbMText
 10
17.4885163503
 20
473.9970590138
 30
0.0
 40
3.96875
 41
0.0
 71
     2
 72
     1
  1
K
  7
SLDTEXTSTYLE0
 73
     1
 44
1.0
  0
MTEXT
  5
D1
330
1F
100
AcDbEntity
  8
0
  6
Continuous
 62
     7
370
     0
100
AcDbMText
 10
833.4885163503
 20
473.9970590138
 30
0.0
 40
3.96875
 41
0.0
 71
     2
 72
     1
  1
K
  7
SLDTEXTSTYLE0
 73
     1
 44
1.0
  0
MTEXT
  5
D2
330
1F
100
AcDbEntity
  8
0
  6
Continuous
 62
     7
370
     0
100
AcDbMText
 10
17.4545247471
 20
523.9383046072
 30
0.0
 40
3.96875
 41
0.0
 71
     2
 72
     1
  1
L
  7
SLDTEXTSTYLE0
 73
     1
 44
1.0
  0
MTEXT
  5
D3
330
1F
100
AcDbEntity
  8
0
  6
Continuous
 62
     7
370
     0
100
AcDbMText
 10
833.4545247471
 20
523.9383046072
 30
0.0
 40
3.96875
 41
0.0
 71
     2
 72
     1
  1
L
  7
SLDTEXTSTYLE0
 73
     1
 44
1.0
  0
MTEXT
  5
D4
330
1F
100
AcDbEntity
  8
0
  6
Continuous
 62
     7
370
     0
100
AcDbMText
 10
17.3617368396
 20
567.4970590138
 30
0.0
 40
3.96875
 41
0.0
 71
     2
 72
     1
  1
M
  7
SLDTEXTSTYLE0
 73
     1
 44
1.0
  0
MTEXT
  5
D5
330
1F
100
AcDbEntity
  8
0
  6
Continuous
 62
     7
370
     0
100
AcDbMText
 10
833.3617368396
 20
567.4970590138
 30
0.0
 40
3.96875
 41
0.0
 71
     2
 72
     1
  1
M
  7
SLDTEXTSTYLE0
 73
     1
 44
1.0
  0
MTEXT
  5
D6
330
1F
100
AcDbEntity
  8
0
  6
Continuous
 62
     7
370
     0
100
AcDbMText
 10
47.6700738929
 20
9.4383046072
 30
0.0
 40
3.96875
 41
0.0
 71
     2
 72
     1
  1
16
  7
SLDTEXTSTYLE0
 73
     1
 44
1.0
  0
MTEXT
  5
D7
330
1F
100
AcDbEntity
  8
0
  6
Continuous
 62
     7
370
     0
100
AcDbMText
 10
47.6700738929
 20
588.4383046072
 30
0.0
 40
3.96875
 41
0.0
 71
     2
 72
     1
  1
16
  7
SLDTEXTSTYLE0
 73
     1
 44
1.0
  0
MTEXT
  5
D8
330
1F
100
AcDbEntity
  8
0
  6
Continuous
 62
     7
370
     0
100
AcDbMText
 10
100.4200738929
 20
9.4383046072
 30
0.0
 40
3.96875
 41
0.0
 71
     2
 72
     1
  1
15
  7
SLDTEXTSTYLE0
 73
     1
 44
1.0
  0
MTEXT
  5
D9
330
1F
100
AcDbEntity
  8
0
  6
Continuous
 62
     7
370
     0
100
AcDbMText
 10
100.4200738929
 20
588.4383046072
 30
0.0
 40
3.96875
 41
0.0
 71
     2
 72
     1
  1
15
  7
SLDTEXTSTYLE0
 73
     1
 44
1.0
  0
MTEXT
  5
DA
330
1F
100
AcDbEntity
  8
0
  6
Continuous
 62
     7
370
     0
100
AcDbMText
 10
150.4200738929
 20
9.4383046072
 30
0.0
 40
3.96875
 41
0.0
 71
     2
 72
     1
  1
14
  7
SLDTEXTSTYLE0
 73
     1
 44
1.0
  0
MTEXT
  5
DB
330
1F
100
AcDbEntity
  8
0
  6
Continuous
 62
     7
370
     0
100
AcDbMText
 10
150.4200738929
 20
588.4383046072
 30
0.0
 40
3.96875
 41
0.0
 71
     2
 72
     1
  1
14
  7
SLDTEXTSTYLE0
 73
     1
 44
1.0
  0
MTEXT
  5
DC
330
1F
100
AcDbEntity
  8
0
  6
Continuous
 62
     7
370
     0
100
AcDbMText
 10
200.4200738929
 20
9.4383046072
 30
0.0
 40
3.96875
 41
0.0
 71
     2
 72
     1
  1
13
  7
SLDTEXTSTYLE0
 73
     1
 44
1.0
  0
MTEXT
  5
DD
330
1F
100
AcDbEntity
  8
0
  6
Continuous
 62
     7
370
     0
100
AcDbMText
 10
200.4200738929
 20
588.4383046072
 30
0.0
 40
3.96875
 41
0.0
 71
     2
 72
     1
  1
13
  7
SLDTEXTSTYLE0
 73
     1
 44
1.0
  0
MTEXT
  5
DE
330
1F
100
AcDbEntity
  8
0
  6
Continuous
 62
     7
370
     0
100
AcDbMText
 10
250.4200738929
 20
9.4383046072
 30
0.0
 40
3.96875
 41
0.0
 71
     2
 72
     1
  1
12
  7
SLDTEXTSTYLE0
 73
     1
 44
1.0
  0
MTEXT
  5
DF
330
1F
100
AcDbEntity
  8
0
  6
Continuous
 62
     7
370
     0
100
AcDbMText
 10
250.4200738929
 20
588.4383046072
 30
0.0
 40
3.96875
 41
0.0
 71
     2
 72
     1
  1
12
  7
SLDTEXTSTYLE0
 73
     1
 44
1.0
  0
MTEXT
  5
E0
330
1F
100
AcDbEntity
  8
0
  6
Continuous
 62
     7
370
     0
100
AcDbMText
 10
300.4200738929
 20
9.4383046072
 30
0.0
 40
3.96875
 41
0.0
 71
     2
 72
     1
  1
11
  7
SLDTEXTSTYLE0
 73
     1
 44
1.0
  0
MTEXT
  5
E1
330
1F
100
AcDbEntity
  8
0
  6
Continuous
 62
     7
370
     0
100
AcDbMText
 10
300.4200738929
 20
588.4383046072
 30
0.0
 40
3.96875
 41
0.0
 71
     2
 72
     1
  1
11
  7
SLDTEXTSTYLE0
 73
     1
 44
1.0
  0
MTEXT
  5
E2
330
1F
100
AcDbEntity
  8
0
  6
Continuous
 62
     7
370
     0
100
AcDbMText
 10
350.4200738929
 20
9.4383046072
 30
0.0
 40
3.96875
 41
0.0
 71
     2
 72
     1
  1
10
  7
SLDTEXTSTYLE0
 73
     1
 44
1.0
  0
MTEXT
  5
E3
330
1F
100
AcDbEntity
  8
0
  6
Continuous
 62
     7
370
     0
100
AcDbMText
 10
350.4200738929
 20
588.4383046072
 30
0.0
 40
3.96875
 41
0.0
 71
     2
 72
     1
  1
10
  7
SLDTEXTSTYLE0
 73
     1
 44
1.0
  0
MTEXT
  5
E4
330
1F
100
AcDbEntity
  8
0
  6
Continuous
 62
     7
370
     0
100
AcDbMText
 10
400.4600369465
 20
9.4383046072
 30
0.0
 40
3.96875
 41
0.0
 71
     2
 72
     1
  1
9
  7
SLDTEXTSTYLE0
 73
     1
 44
1.0
  0
MTEXT
  5
E5
330
1F
100
AcDbEntity
  8
0
  6
Continuous
 62
     7
370
     0
100
AcDbMText
 10
400.4600369465
 20
588.4383046072
 30
0.0
 40
3.96875
 41
0.0
 71
     2
 72
     1
  1
9
  7
SLDTEXTSTYLE0
 73
     1
 44
1.0
  0
MTEXT
  5
E6
330
1F
100
AcDbEntity
  8
0
  6
Continuous
 62
     7
370
     0
100
AcDbMText
 10
450.4600369465
 20
9.4383046072
 30
0.0
 40
3.96875
 41
0.0
 71
     2
 72
     1
  1
8
  7
SLDTEXTSTYLE0
 73
     1
 44
1.0
  0
MTEXT
  5
E7
330
1F
100
AcDbEntity
  8
0
  6
Continuous
 62
     7
370
     0
100
AcDbMText
 10
450.4600369465
 20
588.4383046072
 30
0.0
 40
3.96875
 41
0.0
 71
     2
 72
     1
  1
8
  7
SLDTEXTSTYLE0
 73
     1
 44
1.0
  0
MTEXT
  5
E8
330
1F
100
AcDbEntity
  8
0
  6
Continuous
 62
     7
370
     0
100
AcDbMText
 10
500.4600369465
 20
9.4383046072
 30
0.0
 40
3.96875
 41
0.0
 71
     2
 72
     1
  1
7
  7
SLDTEXTSTYLE0
 73
     1
 44
1.0
  0
MTEXT
  5
E9
330
1F
100
AcDbEntity
  8
0
  6
Continuous
 62
     7
370
     0
100
AcDbMText
 10
500.4600369465
 20
588.4383046072
 30
0.0
 40
3.96875
 41
0.0
 71
     2
 72
     1
  1
7
  7
SLDTEXTSTYLE0
 73
     1
 44
1.0
  0
MTEXT
  5
EA
330
1F
100
AcDbEntity
  8
0
  6
Continuous
 62
     7
370
     0
100
AcDbMText
 10
550.4600369465
 20
9.4383046072
 30
0.0
 40
3.96875
 41
0.0
 71
     2
 72
     1
  1
6
  7
SLDTEXTSTYLE0
 73
     1
 44
1.0
  0
MTEXT
  5
EB
330
1F
100
AcDbEntity
  8
0
  6
Continuous
 62
     7
370
     0
100
AcDbMText
 10
550.4600369465
 20
588.4383046072
 30
0.0
 40
3.96875
 41
0.0
 71
     2
 72
     1
  1
6
  7
SLDTEXTSTYLE0
 73
     1
 44
1.0
  0
MTEXT
  5
EC
330
1F
100
AcDbEntity
  8
0
  6
Continuous
 62
     7
370
     0
100
AcDbMText
 10
600.4600369465
 20
9.4383046072
 30
0.0
 40
3.96875
 41
0.0
 71
     2
 72
     1
  1
5
  7
SLDTEXTSTYLE0
 73
     1
 44
1.0
  0
MTEXT
  5
ED
330
1F
100
AcDbEntity
  8
0
  6
Continuous
 62
     7
370
     0
100
AcDbMText
 10
600.4600369465
 20
588.4383046072
 30
0.0
 40
3.96875
 41
0.0
 71
     2
 72
     1
  1
5
  7
SLDTEXTSTYLE0
 73
     1
 44
1.0
  0
MTEXT
  5
EE
330
1F
100
AcDbEntity
  8
0
  6
Continuous
 62
     7
370
     0
100
AcDbMText
 10
650.4600369465
 20
9.4383046072
 30
0.0
 40
3.96875
 41
0.0
 71
     2
 72
     1
  1
4
  7
SLDTEXTSTYLE0
 73
     1
 44
1.0
  0
MTEXT
  5
EF
330
1F
100
AcDbEntity
  8
0
  6
Continuous
 62
     7
370
     0
100
AcDbMText
 10
650.4600369465
 20
588.4383046072
 30
0.0
 40
3.96875
 41
0.0
 71
     2
 72
     1
  1
4
  7
SLDTEXTSTYLE0
 73
     1
 44
1.0
  0
MTEXT
  5
F0
330
1F
100
AcDbEntity
  8
0
  6
Continuous
 62
     7
370
     0
100
AcDbMText
 10
700.4600369465
 20
9.4383046072
 30
0.0
 40
3.96875
 41
0.0
 71
     2
 72
     1
  1
3
  7
SLDTEXTSTYLE0
 73
     1
 44
1.0
  0
MTEXT
  5
F1
330
1F
100
AcDbEntity
  8
0
  6
Continuous
 62
     7
370
     0
100
AcDbMText
 10
700.4600369465
 20
588.4383046072
 30
0.0
 40
3.96875
 41
0.0
 71
     2
 72
     1
  1
3
  7
SLDTEXTSTYLE0
 73
     1
 44
1.0
  0
MTEXT
  5
F2
330
1F
100
AcDbEntity
  8
0
  6
Continuous
 62
     7
370
     0
100
AcDbMText
 10
750.4600369465
 20
9.4383046072
 30
0.0
 40
3.96875
 41
0.0
 71
     2
 72
     1
  1
2
  7
SLDTEXTSTYLE0
 73
     1
 44
1.0
  0
MTEXT
  5
F3
330
1F
100
AcDbEntity
  8
0
  6
Continuous
 62
     7
370
     0
100
AcDbMText
 10
750.4600369465
 20
588.4383046072
 30
0.0
 40
3.96875
 41
0.0
 71
     2
 72
     1
  1
2
  7
SLDTEXTSTYLE0
 73
     1
 44
1.0
  0
MTEXT
  5
F4
330
1F
100
AcDbEntity
  8
0
  6
Continuous
 62
     7
370
     0
100
AcDbMText
 10
803.2100369465
 20
9.4383046072
 30
0.0
 40
3.96875
 41
0.0
 71
     2
 72
     1
  1
1
  7
SLDTEXTSTYLE0
 73
     1
 44
1.0
  0
MTEXT
  5
F5
330
1F
100
AcDbEntity
  8
0
  6
Continuous
 62
     7
370
     0
100
AcDbMText
 10
803.2100369465
 20
588.4383046072
 30
0.0
 40
3.96875
 41
0.0
 71
     2
 72
     1
  1
1
  7
SLDTEXTSTYLE0
 73
     1
 44
1.0
  0
MTEXT
  5
F6
330
1F
100
AcDbEntity
  8
0
  6
Continuous
 62
     7
370
     0
100
AcDbMText
 10
651.5900962339
 20
42.4297148859
 30
0.0
 40
1.5
 41
0.0
 71
     1
 72
     1
  1
DIBUJ.
  7
SLDTEXTSTYLE0
 73
     1
 44
1.0
  0
MTEXT
  5
F7
330
1F
100
AcDbEntity
  8
0
  6
Continuous
 62
     7
370
     0
100
AcDbMText
 10
651.6988202282
 20
38.15440716
 30
0.0
 40
1.5
 41
0.0
 71
     1
 72
     1
  1
VERIF.
  7
SLDTEXTSTYLE0
 73
     1
 44
1.0
  0
MTEXT
  5
F8
330
1F
100
AcDbEntity
  8
0
  6
Continuous
 62
     7
370
     0
100
AcDbMText
 10
651.4017224083
 20
34.0642960031
 30
0.0
 40
1.5
 41
0.0
 71
     1
 72
     1
  1
APROB.
  7
SLDTEXTSTYLE0
 73
     1
 44
1.0
  0
MTEXT
  5
F9
330
1F
100
AcDbEntity
  8
0
  6
Continuous
 62
     7
370
     0
100
AcDbMText
 10
651.5425001407
 20
29.7337046506
 30
0.0
 40
1.5
 41
0.0
 71
     1
 72
     1
  1
FABR.
  7
SLDTEXTSTYLE0
 73
     1
 44
1.0
  0
MTEXT
  5
FA
330
1F
100
AcDbEntity
  8
0
  6
Continuous
 62
     7
370
     0
100
AcDbMText
 10
651.6690428622
 20
25.3496492073
 30
0.0
 40
1.5
 41
0.0
 71
     1
 72
     1
  1
CALID.
  7
SLDTEXTSTYLE0
 73
     1
 44
1.0
  0
INSERT
  5
104
330
1F
100
AcDbEntity
  8
0
  6
Continuous
 62
     7
370
     0
100
AcDbBlockReference
  2
SW_NOTE_0
 10
652.8028337294
 20
61.9873698743
 30
0.0
  0
MTEXT
  5
105
330
1F
100
AcDbEntity
  8
0
  6
Continuous
 62
     7
370
     0
100
AcDbMText
 10
685.3712921668
 20
63.9192719951
 30
0.0
 40
1.5
 41
0.0
 71
     1
 72
     1
  1
ACABADO:
  7
SLDTEXTSTYLE0
 73
     1
 44
1.0
  0
INSERT
  5
10C
330
1F
100
AcDbEntity
  8
0
  6
Continuous
 62
     7
370
     0
100
AcDbBlockReference
  2
SW_NOTE_0_1
 10
732.3092156863
 20
62.069489643
 30
0.0
  0
MTEXT
  5
10D
330
1F
100
AcDbEntity
  8
0
  6
Continuous
 62
     7
370
     0
100
AcDbMText
 10
665.3222392177
 20
46.5014826335
 30
0.0
 40
1.5
 41
0.0
 71
     1
 72
     1
  1
NOMBRE
  7
SLDTEXTSTYLE0
 73
     1
 44
1.0
  0
MTEXT
  5
10E
330
1F
100
AcDbEntity
  8
0
  6
Continuous
 62
     7
370
     0
100
AcDbMText
 10
681.0335875632
 20
46.5617563795
 30
0.0
 40
1.5
 41
0.0
 71
     1
 72
     1
  1
FIRMA
  7
SLDTEXTSTYLE0
 73
     1
 44
1.0
  0
MTEXT
  5
10F
330
1F
100
AcDbEntity
  8
0
  6
Continuous
 62
     7
370
     0
100
AcDbMText
 10
698.2147019657
 20
46.5761792212
 30
0.0
 40
1.5
 41
0.0
 71
     1
 72
     1
  1
FECHA
  7
SLDTEXTSTYLE0
 73
     1
 44
1.0
  0
MTEXT
  5
110
330
1F
100
AcDbEntity
  8
0
  6
Continuous
 62
     7
370
     0
100
AcDbMText
 10
706.6458623088
 20
25.9860562892
 30
0.0
 40
1.5
 41
0.0
 71
     1
 72
     1
  1
MATERIAL:
  7
SLDTEXTSTYLE0
 73
     1
 44
1.0
  0
MTEXT
  5
111
330
1F
100
AcDbEntity
  8
0
  6
Continuous
 62
     7
370
     0
100
AcDbMText
 10
763.6146405229
 20
62.5329935751
 30
0.0
 40
1.5
 41
0.0
 71
     1
 72
     1
  1
NO CAMBIE LA ESCALA
  7
SLDTEXTSTYLE0
 73
     1
 44
1.0
  0
MTEXT
  5
112
330
1F
100
AcDbEntity
  8
0
  6
Continuous
 62
     7
370
     0
100
AcDbMText
 10
804.3275816993
 20
62.3349086805
 30
0.0
 40
1.5
 41
0.0
 71
     1
 72
     1
  1
REVISIÓN
  7
SLDTEXTSTYLE0
 73
     1
 44
1.0
  0
MTEXT
  5
113
330
1F
100
AcDbEntity
  8
0
  6
Continuous
 62
     7
370
     0
100
AcDbMText
 10
750.8570879467
 20
46.5761792212
 30
0.0
 40
1.5
 41
0.0
 71
     1
 72
     1
  1
TÍTULO:
  7
SLDTEXTSTYLE0
 73
     1
 44
1.0
  0
MTEXT
  5
114
330
1F
100
AcDbEntity
  8
0
  6
Continuous
 62
     7
370
     0
100
AcDbMText
 10
751.0739661175
 20
25.9860562892
 30
0.0
 40
1.5
 41
0.0
 71
     1
 72
     1
  1
N.º DE DIBUJO
  7
SLDTEXTSTYLE0
 73
     1
 44
1.0
  0
MTEXT
  5
115
330
1F
100
AcDbEntity
  8
0
  6
Continuous
 62
     7
370
     0
100
AcDbMText
 10
751.0739661175
 20
12.9000872745
 30
0.0
 40
1.5
 41
0.0
 71
     1
 72
     1
  1
ESCALA:1:2
  7
SLDTEXTSTYLE0
 73
     1
 44
1.0
  0
MTEXT
  5
117
330
1F
100
AcDbEntity
  8
0
  6
Continuous
 62
     7
370
     0
100
AcDbMText
 10
795.4782944278
 20
12.9000872745
 30
0.0
 40
1.5
 41
0.0
 71
     1
 72
     1
  1
HOJA 1 DE 1
  7
SLDTEXTSTYLE1
 73
     1
 44
1.0
  0
MTEXT
  5
118
330
1F
100
AcDbEntity
  8
0
  6
Continuous
 62
     7
370
     0
100
AcDbMText
 10
821.8711564346
 20
24.406388569
 30
0.0
 40
2.9104166667
 41
0.0
 71
     1
 72
     1
  1
A1
  7
SLDTEXTSTYLE0
 73
     1
 44
1.0
  0
MTEXT
  5
119
330
1F
100
AcDbEntity
  8
0
  6
Continuous
 62
     7
370
     0
100
AcDbMText
 10
706.6178111281
 20
12.9493119036
 30
0.0
 40
1.4986
 41
0.0
 71
     1
 72
     1
  1
PESO:
  7
SLDTEXTSTYLE0
 73
     1
 44
1.0
  0
MTEXT
  5
11B
330
1F
100
AcDbEntity
  8
0
  6
Continuous
 62
     7
370
     0
100
AcDbMText
 10
786.2313501521
 20
23.6069109673
 30
0.0
 40
6.35
 41
0.0
 71
     2
 72
     1
  1
Placa Lateral Izq. - MARK XV - Espesor 3.4 mm
  7
SLDTEXTSTYLE2
 73
     1
 44
1.0
  0
LINE
  5
11C
330
1F
100
AcDbEntity
  8
0
  6
Continuous
 62
     7
370
    25
100
AcDbLine
 10
310.9622289216
 20
274.2582155208
 30
0.0
 11
214.022684313
 21
274.2582155208
 31
0.0
  0
LINE
  5
11D
330
1F
100
AcDbEntity
  8
0
  6
Continuous
 62
     7
370
    25
100
AcDbLine
 10
214.022684313
 20
274.2582155208
 30
0.0
 11
155.1428339399
 21
274.2582155208
 31
0.0
  0
ARC
  5
11E
330
1F
100
AcDbEntity
  8
0
  6
Continuous
 62
     7
370
    25
100
AcDbCircle
 10
155.1428339399
 20
280.2582155208
 30
0.0
 40
6.0
100
AcDbArc
 50
135.7523928374
 51
270.0
  0
LINE
  5
11F
330
1F
100
AcDbEntity
  8
0
  6
Continuous
 62
     7
370
    25
100
AcDbLine
 10
150.8448474326
 20
284.4447787872
 30
0.0
 11
167.9456114956
 21
302.0006709427
 31
0.0
  0
ARC
  5
120
330
1F
100
AcDbEntity
  8
0
  6
Continuous
 62
     7
370
    25
100
AcDbCircle
 10
173.2592841045
 20
304.7872249804
 30
0.0
 40
5.999999999999981
100
AcDbArc
 50
131.4036748648
 51
207.6730589213
  0
ARC
  5
121
330
1F
100
AcDbEntity
  8
0
  6
Continuous
 62
     7
370
    25
100
AcDbCircle
 10
584.7392499146
 20
-161.8848374241
 30
0.0
 40
628.1724649097943
100
AcDbArc
 50
130.1046630801
 51
131.4036748648
  0
LINE
  5
122
330
1F
100
AcDbEntity
  8
0
  6
Continuous
 62
     7
370
    25
100
AcDbLine
 10
180.0794168105
 20
318.5847923581
 30
0.0
 11
229.755521109
 21
318.5847923581
 31
0.0
  0
LINE
  5
123
330
1F
100
AcDbEntity
  8
0
  6
Continuous
 62
     7
370
    25
100
AcDbLine
 10
219.3849995699
 20
311.438577875
 30
0.0
 11
229.755521109
 21
318.5847923581
 31
0.0
  0
ARC
  5
124
330
1F
100
AcDbEntity
  8
0
  6
Continuous
 62
     7
370
    25
100
AcDbCircle
 10
222.1135092699
 20
307.478989385
 30
0.0
 40
4.808649102788793
100
AcDbArc
 50
124.5703075497
 51
235.2004811739
  0
LINE
  5
125
330
1F
100
AcDbEntity
  8
0
  6
Continuous
 62
     7
370
    25
100
AcDbLine
 10
223.8189203315
 20
300.4377540511
 30
0.0
 11
219.3691811456
 21
303.5303479301
 31
0.0
  0
ARC
  5
126
330
1F
100
AcDbEntity
  8
0
  6
Continuous
 62
     7
370
    25
100
AcDbCircle
 10
226.6724891428
 20
304.5435750726
 30
0.0
 40
5.000062121727347
100
AcDbArc
 50
235.2004811739
 51
257.8188438531
  0
LINE
  5
127
330
1F
100
AcDbEntity
  8
0
  6
Continuous
 62
     7
370
    25
100
AcDbLine
 10
260.0427775892
 20
292.2249208511
 30
0.0
 11
225.617459408
 21
299.6560876322
 31
0.0
  0
ARC
  5
128
330
1F
100
AcDbEntity
  8
0
  6
Continuous
 62
     7
370
    25
100
AcDbCircle
 10
261.0977942161
 20
297.1123475684
 30
0.0
 40
5.000000000049113
100
AcDbArc
 50
257.8188438531
 51
270.0
  0
LINE
  5
129
330
1F
100
AcDbEntity
  8
0
  6
Continuous
 62
     7
370
    25
100
AcDbLine
 10
273.7534752798
 20
292.1123475684
 30
0.0
 11
261.0977942161
 21
292.1123475684
 31
0.0
  0
ARC
  5
12A
330
1F
100
AcDbEntity
  8
0
  6
Continuous
 62
     7
370
    25
100
AcDbCircle
 10
273.7534752798
 20
297.145617489
 30
0.0
 40
5.033269920634211
100
AcDbArc
 50
270.0
 51
343.0471053156
  0
LINE
  5
12B
330
1F
100
AcDbEntity
  8
0
  6
Continuous
 62
     7
370
    25
100
AcDbLine
 10
285.5507481012
 20
318.5847923581
 30
0.0
 11
278.5680234698
 21
295.6779895319
 31
0.0
  0
LINE
  5
12C
330
1F
100
AcDbEntity
  8
0
  6
Continuous
 62
     7
370
    25
100
AcDbLine
 10
285.5507481012
 20
318.5847923581
 30
0.0
 11
314.7157117626
 21
318.5847923581
 31
0.0
  0
LINE
  5
12D
330
1F
100
AcDbEntity
  8
0
  6
Continuous
 62
     7
370
    25
100
AcDbLine
 10
314.7157117626
 20
318.5847923581
 30
0.0
 11
312.1507605265
 21
290.1414245846
 31
0.0
  0
SPLINE
  5
12E
330
1F
100
AcDbEntity
  8
0
  6
Continuous
 62
     7
370
    25
100
AcDbSpline
210
0.0
220
0.0
230
1.0
 70
     8
 71
     3
 72
     9
 73
     5
 74
     0
 42
0.00000001
 43
0.00000001
 40
0.8204102491307071
 40
0.8204102491307071
 40
0.8204102491307071
 40
0.8204102491307071
 40
0.8404177487652903
 40
1.0
 40
1.0
 40
1.0
 40
1.0
 10
310.9622289208386
 20
274.2582155208424
 30
0.0
 10
311.0135073037576
 20
274.9374825371337
 30
0.0
 10
311.5266424052942
 20
281.2728100013859
 30
0.0
 10
312.0252019089751
 20
288.749074553198
 30
0.0
 10
312.150760526459
 20
290.1414245846165
 30
0.0
  0
CIRCLE
  5
12F
330
1F
100
AcDbEntity
  8
0
  6
Continuous
 62
     7
370
    25
100
AcDbCircle
 10
200.2242883226
 20
296.4215039394
 30
0.0
 40
5.500000000000057
  0
LINE
  5
130
330
1F
100
AcDbEntity
  8
0
  6
Continuous
 62
     7
370
    25
100
AcDbLine
 10
229.755521109
 20
318.5847923581
 30
0.0
 11
230.1617809927
 21
319.5347177179
 31
0.0
  0
LINE
  5
131
330
1F
100
AcDbEntity
  8
0
  6
Continuous
 62
     7
370
    25
100
AcDbLine
 10
181.9534781809
 20
319.5347177179
 30
0.0
 11
180.0794168105
 21
318.5847923581
 31
0.0
  0
LINE
  5
132
330
1F
100
AcDbEntity
  8
0
  6
Continuous
 62
     7
370
    25
100
AcDbLine
 10
181.9534781809
 20
319.5347177179
 30
0.0
 11
230.1617809927
 21
319.5347177179
 31
0.0
  0
LINE
  5
133
330
1F
100
AcDbEntity
  8
0
  6
Continuous
 62
     7
370
    25
100
AcDbLine
 10
286.0299865347
 20
319.5347177179
 30
0.0
 11
314.7409568852
 21
319.5347177179
 31
0.0
  0
LINE
  5
134
330
1F
100
AcDbEntity
  8
0
  6
Continuous
 62
     7
370
    25
100
AcDbLine
 10
286.4944746949
 20
321.1820819739
 30
0.0
 11
286.0299865347
 21
319.5347177179
 31
0.0
  0
ELLIPSE
  5
135
330
1F
100
AcDbEntity
  8
0
  6
Continuous
 62
     7
370
    25
100
AcDbEllipse
 10
278.3126328354
 20
323.8784982969
 30
0.0
 11
0.0
 21
-9.247432979470261
 31
-1.110223024625157E-15
210
0.0
220
-1.200574285955794E-16
230
1.0
 40
0.9249634495
 41
1.274912496808458
 42
1.519473237868052
  0
LINE
  5
136
330
1F
100
AcDbEntity
  8
0
  6
Continuous
 62
     7
370
    25
100
AcDbLine
 10
288.1224662216
 20
350.0818472874
 30
0.0
 11
286.8549075528
 21
323.4040998014
 31
0.0
  0
ELLIPSE
  5
137
330
1F
100
AcDbEntity
  8
0
  6
Continuous
 62
     7
370
    25
100
AcDbEllipse
 10
282.8104467251
 20
350.3768523231
 30
0.0
 11
0.0
 21
-5.750522654074871
 31
-4.440892098500626E-16
210
0.0
220
-7.722588650883361E-17
230
1.0
 40
0.9249634495
 41
1.519473237868057
 42
1.677516317111333
  0
LINE
  5
138
330
1F
100
AcDbEntity
  8
0
  6
Continuous
 62
     7
370
    25
100
AcDbLine
 10
288.1224662216
 20
351.4788653445
 30
0.0
 11
288.0992091389
 21
350.9893837954
 31
0.0
  0
ELLIPSE
  5
139
330
1F
100
AcDbEntity
  8
0
  6
Continuous
 62
     7
370
    25
100
AcDbEllipse
 10
282.8104467251
 20
351.7738703801
 30
0.0
 11
0.0
 21
-5.750522654074871
 31
-2.220446049250313E-16
210
0.0
220
-3.861294325441680E-17
230
1.0
 40
0.9249634495
 41
1.519473237868047
 42
3.744958343758503
  0
LINE
  5
13A
330
1F
100
AcDbEntity
  8
0
  6
Continuous
 62
     7
370
    25
100
AcDbLine
 10
230.1617809927
 20
319.5347177179
 30
0.0
 11
279.7923419978
 21
356.5090263097
 31
0.0
  0
ELLIPSE
  5
13B
330
1F
100
AcDbEntity
  8
0
  6
Continuous
 62
     7
370
    25
100
AcDbEllipse
 10
584.7392499146
 20
-201.6121124297
 30
0.0
 11
0.0
 21
-679.1322027144306
 31
-7.549516567451064E-14
210
0.0
220
-1.111641671132119E-16
230
1.0
 40
0.9249634495
 41
3.725938376246248
 42
3.837656967285658
  0
LINE
  5
13C
330
1F
100
AcDbEntity
  8
0
  6
Continuous
 62
     7
370
    25
100
AcDbLine
 10
331.8975921938
 20
364.8338564044
 30
0.0
 11
238.2055318587
 21
364.8338564044
 31
0.0
  0
SPLINE
  5
13D
330
1F
100
AcDbEntity
  8
0
  6
Continuous
 62
     7
370
    25
100
AcDbSpline
210
0.0
220
0.0
230
1.0
 70
     8
 71
     3
 72
     8
 73
     4
 74
     0
 42
0.00000001
 43
0.00000001
 40
0.0
 40
0.0
 40
0.0
 40
0.0
 40
1.0
 40
1.0
 40
1.0
 40
1.0
 10
331.8975921937676
 20
364.8338564044178
 30
0.0
 10
330.584843614606
 20
359.1281852433138
 30
0.0
 10
329.3560544889283
 20
353.4045097942226
 30
0.0
 10
328.2152476557977
 20
347.6619673984439
 30
0.0
  0
LINE
  5
13E
330
1F
100
AcDbEntity
  8
0
  6
Continuous
 62
     7
370
    25
100
AcDbLine
 10
328.2152476558
 20
347.6619673984
 30
0.0
 11
334.2982178172
 21
349.3762622113
 31
0.0
  0
LINE
  5
13F
330
1F
100
AcDbEntity
  8
0
  6
Continuous
 62
     7
370
    25
100
AcDbLine
 10
334.2982178172
 20
349.3762622113
 30
0.0
 11
348.1102622636
 21
364.8338564044
 31
0.0
  0
LINE
  5
140
330
1F
100
AcDbEntity
  8
0
  6
Continuous
 62
     7
370
    25
100
AcDbLine
 10
354.7403003143
 20
364.8338564044
 30
0.0
 11
348.1102622636
 21
364.8338564044
 31
0.0
  0
LINE
  5
141
330
1F
100
AcDbEntity
  8
0
  6
Continuous
 62
     7
370
    25
100
AcDbLine
 10
354.7403003143
 20
364.8338564044
 30
0.0
 11
342.3252496408
 21
350.9396920799
 31
0.0
  0
LINE
  5
142
330
1F
100
AcDbEntity
  8
0
  6
Continuous
 62
     7
370
    25
100
AcDbLine
 10
342.3252496408
 20
350.9396920799
 30
0.0
 11
362.9329763979
 21
355.6053554255
 31
0.0
  0
LINE
  5
143
330
1F
100
AcDbEntity
  8
0
  6
Continuous
 62
     7
370
    25
100
AcDbLine
 10
362.9329763979
 20
355.6053554255
 30
0.0
 11
317.4455789309
 21
337.6373040708
 31
0.0
  0
SPLINE
  5
144
330
1F
100
AcDbEntity
  8
0
  6
Continuous
 62
     7
370
    25
100
AcDbSpline
210
0.0
220
0.0
230
1.0
 70
     8
 71
     3
 72
    10
 73
     6
 74
     0
 42
0.00000001
 43
0.00000001
 40
0.0
 40
0.0
 40
0.0
 40
0.0
 40
0.5000000000000002
 40
0.5000000000000002
 40
1.0
 40
1.0
 40
1.0
 40
1.0
 10
317.4455789308534
 20
337.6373040707501
 30
0.0
 10
318.4076899560976
 20
334.435026581018
 30
0.0
 10
319.5835435005997
 20
331.3126876114649
 30
0.0
 10
322.3934100162826
 20
325.2442434493817
 30
0.0
 10
324.0131084854562
 20
322.3292115473093
 30
0.0
 10
325.8500008952625
 20
319.5347177179278
 30
0.0
  0
LINE
  5
145
330
1F
100
AcDbEntity
  8
0
  6
Continuous
 62
     7
370
    25
100
AcDbLine
 10
315.277347051
 20
319.5347177179
 30
0.0
 11
325.8500008953
 21
319.5347177179
 31
0.0
  0
LINE
  5
146
330
1F
100
AcDbEntity
  8
0
  6
Continuous
 62
     7
370
    25
100
AcDbLine
 10
315.277347051
 20
319.5347177179
 30
0.0
 11
314.7797567198
 21
319.999882906
 31
0.0
  0
LINE
  5
147
330
1F
100
AcDbEntity
  8
0
  6
Continuous
 62
     7
370
    25
100
AcDbLine
 10
314.7797567198
 20
319.999882906
 30
0.0
 11
314.7409568852
 21
319.5347177179
 31
0.0
  0
LINE
  5
148
330
1F
100
AcDbEntity
  8
0
  6
Continuous
 62
     7
370
    25
100
AcDbLine
 10
326.1901004146
 20
274.2582155208
 30
0.0
 11
310.9622289216
 21
274.2582155208
 31
0.0
  0
LINE
  5
149
330
1F
100
AcDbEntity
  8
0
  6
Continuous
 62
     7
370
    25
100
AcDbLine
 10
329.7128756921
 20
274.2582155208
 30
0.0
 11
326.1901004146
 21
274.2582155208
 31
0.0
  0
LINE
  5
14A
330
1F
100
AcDbEntity
  8
0
  6
Continuous
 62
     7
370
    25
100
AcDbLine
 10
395.3961599772
 20
274.2582155208
 30
0.0
 11
329.7128756921
 21
274.2582155208
 31
0.0
  0
LINE
  5
14B
330
1F
100
AcDbEntity
  8
0
  6
Continuous
 62
     7
370
    25
100
AcDbLine
 10
400.6657535078
 20
274.2582155208
 30
0.0
 11
395.3961599772
 21
274.2582155208
 31
0.0
  0
LINE
  5
14C
330
1F
100
AcDbEntity
  8
0
  6
Continuous
 62
     7
370
    25
100
AcDbLine
 10
458.462610983
 20
274.2582155208
 30
0.0
 11
400.6657535078
 21
274.2582155208
 31
0.0
  0
LINE
  5
14D
330
1F
100
AcDbEntity
  8
0
  6
Continuous
 62
     7
370
    25
100
AcDbLine
 10
514.9143720418
 20
274.2582155208
 30
0.0
 11
458.462610983
 21
274.2582155208
 31
0.0
  0
LINE
  5
14E
330
1F
100
AcDbEntity
  8
0
  6
Continuous
 62
     7
370
    25
100
AcDbLine
 10
512.2854321227
 20
273.3082901609
 30
0.0
 11
514.9143720418
 21
274.2582155208
 31
0.0
  0
LINE
  5
14F
330
1F
100
AcDbEntity
  8
0
  6
Continuous
 62
     7
370
    25
100
AcDbLine
 10
512.2854321227
 20
273.3082901609
 30
0.0
 11
457.7601476056
 21
273.3082901609
 31
0.0
  0
LINE
  5
150
330
1F
100
AcDbEntity
  8
0
  6
Continuous
 62
     7
370
    25
100
AcDbLine
 10
457.7601476056
 20
273.3082901609
 30
0.0
 11
401.5395527286
 21
273.3082901609
 31
0.0
  0
LINE
  5
151
330
1F
100
AcDbEntity
  8
0
  6
Continuous
 62
     7
370
    25
100
AcDbLine
 10
401.5395527286
 20
273.3082901609
 30
0.0
 11
396.0005789631
 21
273.3082901609
 31
0.0
  0
LINE
  5
152
330
1F
100
AcDbEntity
  8
0
  6
Continuous
 62
     7
370
    25
100
AcDbLine
 10
396.0005789631
 20
273.3082901609
 30
0.0
 11
329.6911639789
 21
273.3082901609
 31
0.0
  0
LINE
  5
153
330
1F
100
AcDbEntity
  8
0
  6
Continuous
 62
     7
370
    25
100
AcDbLine
 10
329.6911639789
 20
273.3082901609
 30
0.0
 11
326.1740761791
 21
273.3082901609
 31
0.0
  0
LINE
  5
154
330
1F
100
AcDbEntity
  8
0
  6
Continuous
 62
     7
370
    25
100
AcDbLine
 10
326.1740761791
 20
273.3082901609
 30
0.0
 11
310.9413313059
 21
273.3082901609
 31
0.0
  0
LINE
  5
155
330
1F
100
AcDbEntity
  8
0
  6
Continuous
 62
     7
370
    25
100
AcDbLine
 10
310.9413313059
 20
273.3082901609
 30
0.0
 11
214.8868447809
 21
273.3082901609
 31
0.0
  0
LINE
  5
156
330
1F
100
AcDbEntity
  8
0
  6
Continuous
 62
     7
370
    25
100
AcDbLine
 10
214.022684313
 20
274.2582155208
 30
0.0
 11
214.8868447809
 21
273.3082901609
 31
0.0
  0
LINE
  5
157
330
1F
100
AcDbEntity
  8
0
  6
Continuous
 62
     7
370
    25
100
AcDbLine
 10
267.8534122854
 20
228.0091514744
 30
0.0
 11
317.0570848674
 21
228.0091514744
 31
0.0
  0
LINE
  5
158
330
1F
100
AcDbEntity
  8
0
  6
Continuous
 62
     7
370
    25
100
AcDbLine
 10
267.8534122854
 20
228.0091514744
 30
0.0
 11
262.2778890573
 21
229.1908281274
 31
0.0
  0
ELLIPSE
  5
159
330
1F
100
AcDbEntity
  8
0
  6
Continuous
 62
     7
370
    25
100
AcDbEllipse
 10
263.4321397542
 20
235.5564080688
 30
0.0
 11
0.0
 21
6.486742803780373
 31
0.0
210
1.850371707708594E-16
220
0.0
230
1.0
 40
0.9249634495
 41
1.678688079756456
 42
2.948010754346801
  0
ELLIPSE
  5
15A
330
1F
100
AcDbEntity
  8
0
  6
Continuous
 62
     7
370
    25
100
AcDbEllipse
 10
263.4321397542
 20
234.1593900117
 30
0.0
 11
0.0
 21
6.486742803780373
 31
0.0
210
2.220446049250313E-16
220
0.0
230
1.0
 40
0.9249634495
 41
0.1720152539493881
 42
1.462904573833337
  0
LINE
  5
15B
330
1F
100
AcDbEntity
  8
0
  6
Continuous
 62
     7
370
    25
100
AcDbLine
 10
262.4051305076
 20
240.5504003002
 30
0.0
 11
276.4114742113
 21
243.1811557156
 31
0.0
  0
ELLIPSE
  5
15C
330
1F
100
AcDbEntity
  8
0
  6
Continuous
 62
     7
370
    25
100
AcDbEllipse
 10
275.3844649646
 20
249.572166004
 30
0.0
 11
0.0
 21
-6.486742803780345
 31
0.0
210
0.0
220
0.0
230
1.0
 40
0.9249634495
 41
0.1720152539493896
 42
1.678688079756436
  0
ELLIPSE
  5
15D
330
1F
100
AcDbEntity
  8
0
  6
Continuous
 62
     7
370
    25
100
AcDbEllipse
 10
275.3844649646
 20
250.9691840611
 30
0.0
 11
0.0
 21
-6.486742803780373
 31
0.0
210
0.0
220
0.0
230
1.0
 40
0.9249634495
 41
1.46290457383331
 42
2.92899137213105
  0
LINE
  5
15E
330
1F
100
AcDbEntity
  8
0
  6
Continuous
 62
     7
370
    25
100
AcDbLine
 10
276.6504849169
 20
257.3098800786
 30
0.0
 11
218.3876789054
 21
270.9069669044
 31
0.0
  0
SPLINE
  5
15F
330
1F
100
AcDbEntity
  8
0
  6
Continuous
 62
     7
370
    25
100
AcDbSpline
210
0.0
220
0.0
230
1.0
 70
     8
 71
     3
 72
    20
 73
    16
 74
     0
 42
0.00000001
 43
0.00000001
 40
0.0
 40
0.0
 40
0.0
 40
0.0
 40
0.0625000000000001
 40
0.0625000000000001
 40
0.1250000000000001
 40
0.1250000000000001
 40
0.2500000000000002
 40
0.2500000000000002
 40
0.3750000000000003
 40
0.3750000000000003
 40
0.5000000000000004
 40
0.5000000000000004
 40
0.7500000000000002
 40
0.7500000000000002
 40
1.0
 40
1.0
 40
1.0
 40
1.0
 10
310.9413313058834
 20
273.3082901609398
 30
0.0
 10
310.8759370199161
 20
272.3496127844118
 30
0.0
 10
310.820102970348
 20
271.3916298614863
 30
0.0
 10
310.7454708639958
 20
269.4783543025207
 30
0.0
 10
310.7262216798483
 20
268.523028896682
 30
0.0
 10
310.7372440269189
 20
265.6620481104983
 30
0.0
 10
310.8398365908447
 20
263.7616461150696
 30
0.0
 10
311.1771179379433
 20
259.9704375663633
 30
0.0
 10
311.4105562352383
 20
258.0795401780494
 30
0.0
 10
311.9607429612878
 20
254.3037970322069
 30
0.0
 10
312.2778084224395
 20
252.4187512307808
 30
0.0
 10
313.3022007370277
 20
246.7703108293788
 30
0.0
 10
314.080809083267
 20
243.0235180985391
 30
0.0
 10
315.5998661545555
 20
235.5224210874991
 30
0.0
 10
316.3428239947028
 20
231.7686107152917
 30
0.0
 10
317.0570848674329
 20
228.0091514744497
 30
0.0
  0
ELLIPSE
  5
160
330
1F
100
AcDbEntity
  8
0
  6
Continuous
 62
     7
370
    25
100
AcDbEllipse
 10
219.6536988576
 20
277.2476629219
 30
0.0
 11
0.0
 21
-6.486742803780373
 31
0.0
210
2.220446049250313E-16
220
0.0
230
1.0
 40
0.9249634495
 41
5.365041584968117
 42
6.070584025720856
  0
LINE
  5
161
330
1F
100
AcDbEntity
  8
0
  6
Continuous
 62
     7
370
    25
100
AcDbLine
 10
238.6291733694
 20
365.7837817643
 30
0.0
 11
332.2912549453
 21
365.7837817643
 31
0.0
  0
LINE
  5
162
330
1F
100
AcDbEntity
  8
0
  6
Continuous
 62
     7
370
    25
100
AcDbLine
 10
332.2912549453
 20
365.7837817643
 30
0.0
 11
349.6289996911
 21
365.7837817643
 31
0.0
  0
LINE
  5
163
330
1F
100
AcDbEntity
  8
0
  6
Continuous
 62
     7
370
    25
100
AcDbLine
 10
349.6289996911
 20
365.7837817643
 30
0.0
 11
356.2590377418
 21
365.7837817643
 31
0.0
  0
LINE
  5
164
330
1F
100
AcDbEntity
  8
0
  6
Continuous
 62
     7
370
    25
100
AcDbLine
 10
356.2590377418
 20
365.7837817643
 30
0.0
 11
463.8405880626
 21
365.7837817643
 31
0.0
  0
LINE
  5
165
330
1F
100
AcDbEntity
  8
0
  6
Continuous
 62
     7
370
    25
100
AcDbLine
 10
463.8405880626
 20
365.7837817643
 30
0.0
 11
492.9722214122
 21
365.7837817643
 31
0.0
  0
LINE
  5
166
330
1F
100
AcDbEntity
  8
0
  6
Continuous
 62
     7
370
    25
100
AcDbLine
 10
492.9722214122
 20
365.7837817643
 30
0.0
 11
494.8660216492
 21
365.7837817643
 31
0.0
  0
LINE
  5
167
330
1F
100
AcDbEntity
  8
0
  6
Continuous
 62
     7
370
    25
100
AcDbLine
 10
494.8660216492
 20
365.7837817643
 30
0.0
 11
561.313925538
 21
365.7837817643
 31
0.0
  0
LINE
  5
168
330
1F
100
AcDbEntity
  8
0
  6
Continuous
 62
     7
370
    25
100
AcDbLine
 10
562.6932445554
 20
364.8338564044
 30
0.0
 11
561.313925538
 21
365.7837817643
 31
0.0
  0
LINE
  5
169
330
1F
100
AcDbEntity
  8
0
  6
Continuous
 62
     7
370
    25
100
AcDbLine
 10
562.6932445554
 20
364.8338564044
 30
0.0
 11
494.4781072278
 21
364.8338564044
 31
0.0
  0
LINE
  5
16A
330
1F
100
AcDbEntity
  8
0
  6
Continuous
 62
     7
370
    25
100
AcDbLine
 10
494.4781072278
 20
364.8338564044
 30
0.0
 11
493.5630393465
 21
364.8338564044
 31
0.0
  0
LINE
  5
16B
330
1F
100
AcDbEntity
  8
0
  6
Continuous
 62
     7
370
    25
100
AcDbLine
 10
493.5630393465
 20
364.8338564044
 30
0.0
 11
462.4616785354
 21
364.8338564044
 31
0.0
  0
LINE
  5
16C
330
1F
100
AcDbEntity
  8
0
  6
Continuous
 62
     7
370
    25
100
AcDbLine
 10
462.4616785354
 20
364.8338564044
 30
0.0
 11
354.7403003143
 21
364.8338564044
 31
0.0
  0
LINE
  5
16D
330
1F
100
AcDbEntity
  8
0
  6
Continuous
 62
     7
370
    25
100
AcDbLine
 10
348.1102622636
 20
364.8338564044
 30
0.0
 11
331.8975921938
 21
364.8338564044
 31
0.0
  0
LINE
  5
16E
330
1F
100
AcDbEntity
  8
0
  6
Continuous
 62
     7
370
    25
100
AcDbLine
 10
238.6291733694
 20
365.7837817643
 30
0.0
 11
238.2055318587
 21
364.8338564044
 31
0.0
  0
ARC
  5
16F
330
1F
100
AcDbEntity
  8
0
  6
Continuous
 62
     7
370
    25
100
AcDbCircle
 10
414.8042883226
 20
499.4683565207
 30
0.0
 40
18.00000000000001
100
AcDbArc
 50
275.2436384006
 51
118.2131073422
  0
LINE
  5
170
330
1F
100
AcDbEntity
  8
0
  6
Continuous
 62
     7
370
    25
100
AcDbLine
 10
406.2947457523
 20
515.3298723765
 30
0.0
 11
395.5751021043
 21
550.9961267993
 31
0.0
  0
LINE
  5
171
330
1F
100
AcDbEntity
  8
0
  6
Continuous
 62
     7
370
    25
100
AcDbLine
 10
395.5751021043
 20
550.9961267993
 30
0.0
 11
368.2715286406
 21
407.0549319114
 31
0.0
  0
LINE
  5
172
330
1F
100
AcDbEntity
  8
0
  6
Continuous
 62
     7
370
    25
100
AcDbLine
 10
368.2715286406
 20
407.0549319114
 30
0.0
 11
362.4603299123
 21
461.9545131268
 31
0.0
  0
SPLINE
  5
173
330
1F
100
AcDbEntity
  8
0
  6
Continuous
 62
     7
370
    25
100
AcDbSpline
210
0.0
220
0.0
230
1.0
 70
     8
 71
     3
 72
     9
 73
     5
 74
     0
 42
0.00000001
 43
0.00000001
 40
0.150963683812455
 40
0.150963683812455
 40
0.150963683812455
 40
0.150963683812455
 40
0.3427590127622701
 40
1.0
 40
1.0
 40
1.0
 40
1.0
 10
332.2912549452777
 20
365.7837817642653
 30
0.0
 10
334.14674154125
 20
373.1452323051322
 30
0.0
 10
343.0725470244773
 20
405.554100220532
 30
0.0
 10
354.889936313651
 20
437.0802091320706
 30
0.0
 10
362.4603299122724
 20
461.9545131267785
 30
0.0
  0
LINE
  5
174
330
1F
100
AcDbEntity
  8
0
  6
Continuous
 62
     7
370
    25
100
AcDbLine
 10
267.9821606942
 20
384.0245411435
 30
0.0
 11
266.2028291048
 21
384.917423173
 31
0.0
  0
ARC
  5
175
330
1F
100
AcDbEntity
  8
0
  6
Continuous
 62
     7
370
    25
100
AcDbCircle
 10
268.8938625362
 20
390.2801033864
 30
0.0
 40
6.00000000000007
100
AcDbArc
 50
111.5723122996
 51
243.352156649
  0
LINE
  5
176
330
1F
100
AcDbEntity
  8
0
  6
Continuous
 62
     7
370
    25
100
AcDbLine
 10
266.6878113176
 20
395.8598290087
 30
0.0
 11
315.4829864165
 21
415.1519345306
 31
0.0
  0
ARC
  5
177
330
1F
100
AcDbEntity
  8
0
  6
Continuous
 62
     7
370
    25
100
AcDbCircle
 10
313.2769351979
 20
420.731660153
 30
0.0
 40
6.000000000000018
100
AcDbArc
 50
291.5723122996
 51
334.0060740538
  0
LINE
  5
178
330
1F
100
AcDbEntity
  8
0
  6
Continuous
 62
     7
370
    25
100
AcDbLine
 10
318.6699782816
 20
418.102004986
 30
0.0
 11
340.3996046334
 21
462.6663313592
 31
0.0
  0
ARC
  5
179
330
1F
100
AcDbEntity
  8
0
  6
Continuous
 62
     7
370
    25
100
AcDbCircle
 10
345.7926477172
 20
460.0366761923
 30
0.0
 40
5.999999999999917
100
AcDbArc
 50
39.4494846357
 51
154.0060740538
  0
LINE
  5
17A
330
1F
100
AcDbEntity
  8
0
  6
Continuous
 62
     7
370
    25
100
AcDbLine
 10
350.4257582438
 20
463.8490621706
 30
0.0
 11
351.1204674382
 21
463.0047970569
 31
0.0
  0
LINE
  5
17B
330
1F
100
AcDbEntity
  8
0
  6
Continuous
 62
     7
370
    25
100
AcDbLine
 10
351.1204674382
 20
463.0047970569
 30
0.0
 11
371.6943417709
 21
571.4678177983
 31
0.0
  0
ARC
  5
17C
330
1F
100
AcDbEntity
  8
0
  6
Continuous
 62
     7
370
    25
100
AcDbCircle
 10
377.5892280658
 20
570.3496426912
 30
0.0
 40
6.000000000000037
100
AcDbArc
 50
71.9089395962
 51
169.2594194722
  0
ARC
  5
17D
330
1F
100
AcDbEntity
  8
0
  6
Continuous
 62
     7
370
    25
100
AcDbCircle
 10
326.7617288338
 20
414.7605108059
 30
0.0
 40
169.6808255081031
100
AcDbArc
 50
4.6023570251
 51
71.9089395962
  0
LINE
  5
17E
330
1F
100
AcDbEntity
  8
0
  6
Continuous
 62
     7
370
    25
100
AcDbLine
 10
495.8954318233
 20
428.3756882989
 30
0.0
 11
499.0910670783
 21
422.6154989292
 31
0.0
  0
ARC
  5
17F
330
1F
100
AcDbEntity
  8
0
  6
Continuous
 62
     7
370
    25
100
AcDbCircle
 10
481.7540497113
 20
398.8468176325
 30
0.0
 40
29.41976175585458
100
AcDbArc
 50
0.1199600523
 51
53.8927664752
  0
LINE
  5
180
330
1F
100
AcDbEntity
  8
0
  6
Continuous
 62
     7
370
    25
100
AcDbLine
 10
511.1737469853
 20
398.9084136804
 30
0.0
 11
508.0969872687
 21
396.8097370215
 31
0.0
  0
ARC
  5
181
330
1F
100
AcDbEntity
  8
0
  6
Continuous
 62
     7
370
    25
100
AcDbCircle
 10
474.8186585728
 20
381.1002382809
 30
0.0
 40
36.79993901459292
100
AcDbArc
 50
359.5644104645
 51
25.2703061419
  0
ARC
  5
182
330
1F
100
AcDbEntity
  8
0
  6
Continuous
 62
     7
370
    25
100
AcDbCircle
 10
517.617360727
 20
380.7748560952
 30
0.0
 40
6.000000000000105
100
AcDbArc
 50
179.5644104645
 51
258.5269798561
  0
LINE
  5
183
330
1F
100
AcDbEntity
  8
0
  6
Continuous
 62
     7
370
    25
100
AcDbLine
 10
516.4239218577
 20
374.8947452404
 30
0.0
 11
561.313925538
 21
365.7837817643
 31
0.0
  0
SPLINE
  5
184
330
1F
100
AcDbEntity
  8
0
  6
Continuous
 62
     7
370
    25
100
AcDbSpline
210
0.0
220
0.0
230
1.0
 70
     8
 71
     3
 72
     8
 73
     4
 74
     0
 42
0.00000001
 43
0.00000001
 40
0.0
 40
0.0
 40
0.0
 40
0.0
 40
0.86360780204052
 40
0.86360780204052
 40
0.86360780204052
 40
0.86360780204052
 10
492.0780841237811
 20
384.6083776926428
 30
0.0
 10
494.9034347000205
 20
378.8316645115112
 30
0.0
 10
496.2136915035202
 20
372.1691659704113
 30
0.0
 10
494.8660216491816
 20
365.7837817642502
 30
0.0
  0
LINE
  5
185
330
1F
100
AcDbEntity
  8
0
  6
Continuous
 62
     7
370
    25
100
AcDbLine
 10
492.0780841238
 20
384.6083776926
 30
0.0
 11
495.0015384021
 21
387.7403529813
 31
0.0
  0
SPLINE
  5
186
330
1F
100
AcDbEntity
  8
0
  6
Continuous
 62
     7
370
    25
100
AcDbSpline
210
0.0
220
0.0
230
1.0
 70
     8
 71
     3
 72
     8
 73
     4
 74
     0
 42
0.00000001
 43
0.00000001
 40
0.0
 40
0.0
 40
0.0
 40
0.0
 40
1.0
 40
1.0
 40
1.0
 40
1.0
 10
504.7073599351992
 20
373.2746389526604
 30
0.0
 10
502.2788995210702
 20
378.5636407210919
 30
0.0
 10
499.8601627633788
 20
384.1035070797808
 30
0.0
 10
495.0015384020675
 20
387.7403529813449
 30
0.0
  0
SPLINE
  5
187
330
1F
100
AcDbEntity
  8
0
  6
Continuous
 62
     7
370
    25
100
AcDbSpline
210
0.0
220
0.0
230
1.0
 70
     8
 71
     3
 72
     9
 73
     5
 74
     0
 42
0.00000001
 43
0.00000001
 40
0.0
 40
0.0
 40
0.0
 40
0.0
 40
0.434631563967311
 40
1.0
 40
1.0
 40
1.0
 40
1.0
 10
500.9271343709618
 20
394.8867669344301
 30
0.0
 10
502.8494870380848
 20
392.2227801647065
 30
0.0
 10
505.7027742599862
 20
385.125629966022
 30
0.0
 10
505.6865276582829
 20
377.4222416929474
 30
0.0
 10
504.7073599351992
 20
373.2746389526604
 30
0.0
  0
SPLINE
  5
188
330
1F
100
AcDbEntity
  8
0
  6
Continuous
 62
     7
370
    25
100
AcDbSpline
210
0.0
220
0.0
230
1.0
 70
     8
 71
     3
 72
    11
 73
     7
 74
     0
 42
0.00000001
 43
0.00000001
 40
0.0
 40
0.0
 40
0.0
 40
0.0
 40
0.218181002856833
 40
0.4861653413464296
 40
0.7064633646075995
 40
1.0
 40
1.0
 40
1.0
 40
1.0
 10
498.8639212100513
 20
412.9323557594896
 30
0.0
 10
499.8140702731342
 20
411.8870418119697
 30
0.0
 10
501.7192291966995
 20
409.2719186021617
 30
0.0
 10
503.359453087983
 20
404.8420977236634
 30
0.0
 10
503.3176244448501
 20
399.6439550920933
 30
0.0
 10
502.1981479966892
 20
396.3798100808635
 30
0.0
 10
500.9271343709618
 20
394.8867669344301
 30
0.0
  0
LINE
  5
189
330
1F
100
AcDbEntity
  8
0
  6
Continuous
 62
     7
370
    25
100
AcDbLine
 10
498.8639212101
 20
412.9323557595
 30
0.0
 11
493.480325471
 21
418.8551608566
 31
0.0
  0
LINE
  5
18A
330
1F
100
AcDbEntity
  8
0
  6
Continuous
 62
     7
370
    25
100
AcDbLine
 10
493.480325471
 20
418.8551608566
 30
0.0
 11
495.0015384021
 21
404.4874361209
 31
0.0
  0
LINE
  5
18B
330
1F
100
AcDbEntity
  8
0
  6
Continuous
 62
     7
370
    25
100
AcDbLine
 10
495.0015384021
 20
404.4874361209
 30
0.0
 11
488.388524391
 21
409.4525397665
 31
0.0
  0
SPLINE
  5
18C
330
1F
100
AcDbEntity
  8
0
  6
Continuous
 62
     7
370
    25
100
AcDbSpline
210
0.0
220
0.0
230
1.0
 70
     8
 71
     3
 72
     8
 73
     4
 74
     0
 42
0.00000001
 43
0.00000001
 40
0.0
 40
0.0
 40
0.0
 40
0.0
 40
1.0
 40
1.0
 40
1.0
 40
1.0
 10
479.5458035613228
 20
405.8425930253107
 30
0.0
 10
482.7227431173877
 20
406.4986479317365
 30
0.0
 10
485.6703167272827
 20
407.7019635121285
 30
0.0
 10
488.3885243910077
 20
409.4525397664869
 30
0.0
  0
SPLINE
  5
18D
330
1F
100
AcDbEntity
  8
0
  6
Continuous
 62
     7
370
    25
100
AcDbSpline
210
0.0
220
0.0
230
1.0
 70
     8
 71
     3
 72
    10
 73
     6
 74
     0
 42
0.00000001
 43
0.00000001
 40
0.0
 40
0.0
 40
0.0
 40
0.0
 40
0.5924978699584743
 40
0.7337408759610249
 40
1.0
 40
1.0
 40
1.0
 40
1.0
 10
447.7793845497499
 20
400.9162528213809
 30
0.0
 10
453.6612626064981
 20
403.7640320262577
 30
0.0
 10
461.4816409049579
 20
405.1844099472474
 30
0.0
 10
472.2646482547847
 20
406.1256554908736
 30
0.0
 10
476.6708065407233
 20
405.5924353103123
 30
0.0
 10
479.5458035613228
 20
405.8425930253107
 30
0.0
  0
LINE
  5
18E
330
1F
100
AcDbEntity
  8
0
  6
Continuous
 62
     7
370
    25
100
AcDbLine
 10
447.7793845497
 20
400.9162528214
 30
0.0
 11
456.9982436849
 21
406.2486621662
 31
0.0
  0
SPLINE
  5
18F
330
1F
100
AcDbEntity
  8
0
  6
Continuous
 62
     7
370
    25
100
AcDbSpline
210
0.0
220
0.0
230
1.0
 70
     8
 71
     3
 72
     9
 73
     5
 74
     0
 42
0.00000001
 43
0.00000001
 40
0.0
 40
0.0
 40
0.0
 40
0.0
 40
0.778821508374643
 40
1.0
 40
1.0
 40
1.0
 40
1.0
 10
469.6499648918547
 20
408.2662437106301
 30
0.0
 10
466.3683746403665
 20
408.146369769357
 30
0.0
 10
461.7650076190126
 20
408.5201282014359
 30
0.0
 10
457.8448404620763
 20
406.7383540753271
 30
0.0
 10
456.9982436848958
 20
406.2486621661919
 30
0.0
  0
SPLINE
  5
190
330
1F
100
AcDbEntity
  8
0
  6
Continuous
 62
     7
370
    25
100
AcDbSpline
210
0.0
220
0.0
230
1.0
 70
     8
 71
     3
 72
     8
 73
     4
 74
     0
 42
0.00000001
 43
0.00000001
 40
0.0
 40
0.0
 40
0.0
 40
0.0
 40
1.0
 40
1.0
 40
1.0
 40
1.0
 10
475.9471170070593
 20
411.2858989414818
 30
0.0
 10
476.4990537073691
 20
407.8120009037102
 30
0.0
 10
471.4259577587835
 20
408.5494077183919
 30
0.0
 10
469.6499648918547
 20
408.2662437106301
 30
0.0
  0
LINE
  5
191
330
1F
100
AcDbEntity
  8
0
  6
Continuous
 62
     7
370
    25
100
AcDbLine
 10
475.9471170071
 20
411.2858989415
 30
0.0
 11
479.2784373495
 21
414.6172192578
 31
0.0
  0
SPLINE
  5
192
330
1F
100
AcDbEntity
  8
0
  6
Continuous
 62
     7
370
    25
100
AcDbSpline
210
0.0
220
0.0
230
1.0
 70
     8
 71
     3
 72
     8
 73
     4
 74
     0
 42
0.00000001
 43
0.00000001
 40
0.0
 40
0.0
 40
0.0
 40
0.0
 40
1.0
 40
1.0
 40
1.0
 40
1.0
 10
492.3372984031747
 20
421.0958088859924
 30
0.0
 10
487.8704525008679
 20
419.2404307157213
 30
0.0
 10
483.0773192753124
 20
417.7122769101695
 30
0.0
 10
479.2784373494511
 20
414.6172192578115
 30
0.0
  0
LINE
  5
193
330
1F
100
AcDbEntity
  8
0
  6
Continuous
 62
     7
370
    25
100
AcDbLine
 10
492.3372984032
 20
421.095808886
 30
0.0
 11
489.2830410056
 21
424.2472518553
 31
0.0
  0
SPLINE
  5
194
330
1F
100
AcDbEntity
  8
0
  6
Continuous
 62
     7
370
    25
100
AcDbSpline
210
0.0
220
0.0
230
1.0
 70
     8
 71
     3
 72
     9
 73
     5
 74
     0
 42
0.00000001
 43
0.00000001
 40
0.0
 40
0.0
 40
0.0
 40
0.0
 40
0.6263858947246328
 40
1.0
 40
1.0
 40
1.0
 40
1.0
 10
448.2838877562125
 20
417.2534394478159
 30
0.0
 10
456.4166375031658
 20
420.6636710723452
 30
0.0
 10
470.2236899800965
 20
422.818059851464
 30
0.0
 10
484.0437817250059
 20
424.7592037267141
 30
0.0
 10
489.2830410055893
 20
424.2472518552964
 30
0.0
  0
LINE
  5
195
330
1F
100
AcDbEntity
  8
0
  6
Continuous
 62
     7
370
    25
100
AcDbLine
 10
448.2838877562
 20
417.2534394478
 30
0.0
 11
439.0310552935
 21
420.411335202
 31
0.0
  0
LINE
  5
196
330
1F
100
AcDbEntity
  8
0
  6
Continuous
 62
     7
370
    25
100
AcDbLine
 10
439.0310552935
 20
420.411335202
 30
0.0
 11
381.8826286203
 21
392.3083606488
 31
0.0
  0
LINE
  5
197
330
1F
100
AcDbEntity
  8
0
  6
Continuous
 62
     7
370
    25
100
AcDbLine
 10
381.8826286203
 20
392.3083606488
 30
0.0
 11
379.5517310499
 21
389.8955030298
 31
0.0
  0
ARC
  5
198
330
1F
100
AcDbEntity
  8
0
  6
Continuous
 62
     7
370
    25
100
AcDbCircle
 10
377.8042883226
 20
390.8683565207
 30
0.0
 40
2.000000000000029
100
AcDbArc
 50
330.8940087572
 51
301.0856455485
  0
LINE
  5
199
330
1F
100
AcDbEntity
  8
0
  6
Continuous
 62
     7
370
    25
100
AcDbLine
 10
378.8369259025
 20
389.1555635885
 30
0.0
 11
356.2590377418
 21
365.7837817643
 31
0.0
  0
LINE
  5
19A
330
1F
100
AcDbEntity
  8
0
  6
Continuous
 62
     7
370
    25
100
AcDbLine
 10
349.6289996911
 20
365.7837817643
 30
0.0
 11
380.2835357094
 21
397.516206101
 31
0.0
  0
LINE
  5
19B
330
1F
100
AcDbEntity
  8
0
  6
Continuous
 62
     7
370
    25
100
AcDbLine
 10
380.2835357094
 20
397.516206101
 30
0.0
 11
433.9476569622
 21
423.3234774696
 31
0.0
  0
LINE
  5
19C
330
1F
100
AcDbEntity
  8
0
  6
Continuous
 62
     7
370
    25
100
AcDbLine
 10
433.9476569622
 20
423.3234774696
 30
0.0
 11
416.4493272771
 21
481.5436850638
 31
0.0
  0
CIRCLE
  5
19D
330
1F
100
AcDbEntity
  8
0
  6
Continuous
 62
     7
370
    25
100
AcDbCircle
 10
414.8042883226
 20
539.4683565207
 30
0.0
 40
1.749999999999886
  0
CIRCLE
  5
19E
330
1F
100
AcDbEntity
  8
0
  6
Continuous
 62
     7
370
    25
100
AcDbCircle
 10
443.08855957
 20
527.7526277681
 30
0.0
 40
1.749999999999886
  0
CIRCLE
  5
19F
330
1F
100
AcDbEntity
  8
0
  6
Continuous
 62
     7
370
    25
100
AcDbCircle
 10
454.8042883226
 20
499.4683565207
 30
0.0
 40
1.749999999999943
  0
CIRCLE
  5
1A0
330
1F
100
AcDbEntity
  8
0
  6
Continuous
 62
     7
370
    25
100
AcDbCircle
 10
374.8042883226
 20
499.4683565207
 30
0.0
 40
1.750000000000057
  0
CIRCLE
  5
1A1
330
1F
100
AcDbEntity
  8
0
  6
Continuous
 62
     7
370
    25
100
AcDbCircle
 10
386.5200170751
 20
527.7526277681
 30
0.0
 40
1.75
  0
CIRCLE
  5
1A2
330
1F
100
AcDbEntity
  8
0
  6
Continuous
 62
     7
370
    25
100
AcDbCircle
 10
288.7736703603
 20
390.0974168951
 30
0.0
 40
9.650000000000148
  0
ARC
  5
1A3
330
1F
100
AcDbEntity
  8
0
  6
Continuous
 62
     7
370
    25
100
AcDbCircle
 10
584.7392499146
 20
-158.4379848428
 30
0.0
 40
628.1724649097944
100
AcDbArc
 50
120.2816970367
 51
123.4342286445
  0
LINE
  5
1A4
330
1F
100
AcDbEntity
  8
0
  6
Continuous
 62
     7
370
    25
100
AcDbLine
 10
356.2642883226
 20
227.0592261146
 30
0.0
 11
329.3705308125
 21
227.0592261146
 31
0.0
  0
LINE
  5
1A5
330
1F
100
AcDbEntity
  8
0
  6
Continuous
 62
     7
370
    25
100
AcDbLine
 10
329.3705308125
 20
227.0592261146
 30
0.0
 11
326.6744494673
 21
227.0592261146
 31
0.0
  0
LINE
  5
1A6
330
1F
100
AcDbEntity
  8
0
  6
Continuous
 62
     7
370
    25
100
AcDbLine
 10
326.6744494673
 20
227.0592261146
 30
0.0
 11
317.3779526725
 21
227.0592261146
 31
0.0
  0
LINE
  5
1A7
330
1F
100
AcDbEntity
  8
0
  6
Continuous
 62
     7
370
    25
100
AcDbLine
 10
317.3779526725
 20
227.0592261146
 30
0.0
 11
269.2814569518
 21
227.0592261146
 31
0.0
  0
LINE
  5
1A8
330
1F
100
AcDbEntity
  8
0
  6
Continuous
 62
     7
370
    25
100
AcDbLine
 10
267.8534122854
 20
228.0091514744
 30
0.0
 11
269.2814569518
 21
227.0592261146
 31
0.0
  0
LINE
  5
1A9
330
1F
100
AcDbEntity
  8
0
  6
Continuous
 62
     7
370
    25
100
AcDbLine
 10
317.0570848674
 20
228.0091514744
 30
0.0
 11
326.5491037698
 21
228.0091514744
 31
0.0
  0
LINE
  5
1AA
330
1F
100
AcDbEntity
  8
0
  6
Continuous
 62
     7
370
    25
100
AcDbLine
 10
326.5491037698
 20
228.0091514744
 30
0.0
 11
329.2723851598
 21
228.0091514744
 31
0.0
  0
LINE
  5
1AB
330
1F
100
AcDbEntity
  8
0
  6
Continuous
 62
     7
370
    25
100
AcDbLine
 10
329.2723851598
 20
228.0091514744
 30
0.0
 11
356.2642883226
 21
228.0091514744
 31
0.0
  0
LINE
  5
1AC
330
1F
100
AcDbEntity
  8
0
  6
Continuous
 62
     7
370
    25
100
AcDbLine
 10
356.2642883226
 20
227.0592261146
 30
0.0
 11
356.2642883226
 21
228.0091514744
 31
0.0
  0
LINE
  5
1AD
330
1F
100
AcDbEntity
  8
0
  6
Continuous
 62
     7
370
    25
100
AcDbLine
 10
600.7365927054
 20
227.0592261146
 30
0.0
 11
572.1919810665
 21
227.0592261146
 31
0.0
  0
ARC
  5
1AE
330
1F
100
AcDbEntity
  8
0
  6
Continuous
 62
     7
370
    25
100
AcDbCircle
 10
217.7218852976
 20
724.9551786792
 30
0.0
 40
628.1724649097944
100
AcDbArc
 50
304.08844215
 51
307.569880393
  0
ARC
  5
1AF
330
1F
100
AcDbEntity
  8
0
  6
Continuous
 62
     7
370
    25
100
AcDbCircle
 10
563.8645229881
 20
203.8082416625
 30
0.0
 40
6.000000000000017
100
AcDbArc
 50
291.5723122996
 51
8.7351555454
  0
LINE
  5
1B0
330
1F
100
AcDbEntity
  8
0
  6
Continuous
 62
     7
370
    25
100
AcDbLine
 10
566.0705742067
 20
198.2285160402
 30
0.0
 11
514.1255902286
 21
177.6910733482
 31
0.0
  0
ARC
  5
1B1
330
1F
100
AcDbEntity
  8
0
  6
Continuous
 62
     7
370
    25
100
AcDbCircle
 10
516.3316414472
 20
172.1113477259
 30
0.0
 40
6.000000000000018
100
AcDbArc
 50
111.5723122996
 51
154.0060740538
  0
LINE
  5
1B2
330
1F
100
AcDbEntity
  8
0
  6
Continuous
 62
     7
370
    25
100
AcDbLine
 10
510.9385983635
 20
174.7410028928
 30
0.0
 11
489.2089720117
 21
130.1766765197
 31
0.0
  0
ARC
  5
1B3
330
1F
100
AcDbEntity
  8
0
  6
Continuous
 62
     7
370
    25
100
AcDbCircle
 10
483.8159289279
 20
132.8063316866
 30
0.0
 40
6.00000000000005
100
AcDbArc
 50
219.4494846357
 51
334.0060740538
  0
LINE
  5
1B4
330
1F
100
AcDbEntity
  8
0
  6
Continuous
 62
     7
370
    25
100
AcDbLine
 10
479.1828184013
 20
128.9939457083
 30
0.0
 11
478.4881092069
 21
129.838210822
 31
0.0
  0
LINE
  5
1B5
330
1F
100
AcDbEntity
  8
0
  6
Continuous
 62
     7
370
    25
100
AcDbLine
 10
478.4881092069
 20
129.838210822
 30
0.0
 11
457.9986506092
 21
21.8202198045
 31
0.0
  0
ARC
  5
1B6
330
1F
100
AcDbEntity
  8
0
  6
Continuous
 62
     7
370
    25
100
AcDbCircle
 10
452.1037643143
 20
22.9383949116
 30
0.0
 40
6.00000000000001
100
AcDbArc
 50
248.4718700057
 51
349.2594194722
  0
ARC
  5
1B7
330
1F
100
AcDbEntity
  8
0
  6
Continuous
 62
     7
370
    25
100
AcDbCircle
 10
536.9728872703
 20
238.0813985295
 30
0.0
 40
237.2774957427347
100
AcDbArc
 50
185.2168118015
 51
248.4718700057
  0
ARC
  5
1B8
330
1F
100
AcDbEntity
  8
0
  6
Continuous
 62
     7
370
    25
100
AcDbCircle
 10
294.7031047622
 20
215.9614433231
 30
0.0
 40
6.000000000000032
100
AcDbArc
 50
5.2168118015
 51
78.9085741833
  0
SPLINE
  5
1B9
330
1F
100
AcDbEntity
  8
0
  6
Continuous
 62
     7
370
    25
100
AcDbSpline
210
0.0
220
0.0
230
1.0
 70
     8
 71
     3
 72
     9
 73
     5
 74
     0
 42
0.00000001
 43
0.00000001
 40
0.0
 40
0.0
 40
0.0
 40
0.0
 40
0.2274178782502057
 40
0.2907576956369582
 40
0.2907576956369582
 40
0.2907576956369582
 40
0.2907576956369582
 10
322.9377694297273
 20
203.4890600617821
 30
0.0
 10
320.7045049298375
 20
209.3827970831604
 30
0.0
 10
319.2899123139874
 20
217.4576573543215
 30
0.0
 10
317.7258916086442
 20
225.343262016759
 30
0.0
 10
317.3779526725392
 20
227.0592261146024
 30
0.0
  0
LINE
  5
1BA
330
1F
100
AcDbEntity
  8
0
  6
Continuous
 62
     7
370
    25
100
AcDbLine
 10
322.9377694297
 20
203.4890600618
 30
0.0
 11
342.4413930912
 21
152.0176697135
 31
0.0
  0
SPLINE
  5
1BB
330
1F
100
AcDbEntity
  8
0
  6
Continuous
 62
     7
370
    25
100
AcDbSpline
210
0.0
220
0.0
230
1.0
 70
     8
 71
     3
 72
    11
 73
     7
 74
     0
 42
0.00000001
 43
0.00000001
 40
0.4981891981769211
 40
0.4981891981769211
 40
0.4981891981769211
 40
0.4981891981769211
 40
0.5
 40
0.729608751724514
 40
0.8377652510347084
 40
1.0
 40
1.0
 40
1.0
 40
1.0
 10
326.6744494673051
 20
227.0592261146024
 30
0.0
 10
326.6820455710426
 20
226.9670386884739
 30
0.0
 10
327.6583331693672
 20
215.1859227371557
 30
0.0
 10
330.1247436052975
 20
197.9729369112647
 30
0.0
 10
335.8198350595871
 20
173.0652983886712
 30
0.0
 10
339.7677914107101
 20
159.8472639066135
 30
0.0
 10
342.4413930912118
 20
152.0176697135296
 30
0.0
  0
SPLINE
  5
1BC
330
1F
100
AcDbEntity
  8
0
  6
Continuous
 62
     7
370
    25
100
AcDbSpline
210
0.0
220
0.0
230
1.0
 70
     8
 71
     3
 72
     8
 73
     4
 74
     0
 42
0.00000001
 43
0.00000001
 40
0.0
 40
0.0
 40
0.0
 40
0.0
 40
0.4935528669948002
 40
0.4935528669948002
 40
0.4935528669948002
 40
0.4935528669948002
 10
343.195305462361
 20
154.1436542780239
 30
0.0
 10
335.7101288429016
 20
177.7326385660477
 30
0.0
 10
330.9816984338115
 20
202.3123819846801
 30
0.0
 10
329.3705308124982
 20
227.0592261146022
 30
0.0
  0
SPLINE
  5
1BD
330
1F
100
AcDbEntity
  8
0
  6
Continuous
 62
     7
370
    25
100
AcDbSpline
210
0.0
220
0.0
230
1.0
 70
     8
 71
     3
 72
     9
 73
     5
 74
     0
 42
0.00000001
 43
0.00000001
 40
0.0
 40
0.0
 40
0.0
 40
0.0
 40
0.4103311160499403
 40
1.0
 40
1.0
 40
1.0
 40
1.0
 10
342.3252497224051
 20
177.1673178689538
 30
0.0
 10
342.2345521196976
 20
174.0159799583281
 30
0.0
 10
342.40380663359
 20
166.3277776588278
 30
0.0
 10
343.2148290798972
 20
158.6817688389589
 30
0.0
 10
343.195305462361
 20
154.1436542780239
 30
0.0
  0
SPLINE
  5
1BE
330
1F
100
AcDbEntity
  8
0
  6
Continuous
 62
     7
370
    25
100
AcDbSpline
210
0.0
220
0.0
230
1.0
 70
     8
 71
     3
 72
     8
 73
     4
 74
     0
 42
0.00000001
 43
0.00000001
 40
0.4189837261010057
 40
0.4189837261010057
 40
0.4189837261010057
 40
0.4189837261010057
 40
1.0
 40
1.0
 40
1.0
 40
1.0
 10
397.526192590505
 20
98.42117569415679
 30
0.0
 10
377.5094506400533
 20
123.4916816197739
 30
0.0
 10
359.0818534557187
 20
149.8261480002324
 30
0.0
 10
342.3252497224051
 20
177.1673178689538
 30
0.0
  0
ARC
  5
1BF
330
1F
100
AcDbEntity
  8
0
  6
Continuous
 62
     7
370
    25
100
AcDbCircle
 10
414.8042883226
 20
93.3746513582
 30
0.0
 40
17.99999999999994
100
AcDbArc
 50
163.7181611766
 51
275.7516930158
  0
SPLINE
  5
1C0
330
1F
100
AcDbEntity
  8
0
  6
Continuous
 62
     7
370
    25
100
AcDbSpline
210
0.0
220
0.0
230
1.0
 70
     8
 71
     3
 72
     8
 73
     4
 74
     0
 42
0.00000001
 43
0.00000001
 40
0.0
 40
0.0
 40
0.0
 40
0.0
 40
0.2387697165968727
 40
0.2387697165968727
 40
0.2387697165968727
 40
0.2387697165968727
 10
443.2781977353321
 20
46.25279539138538
 30
0.0
 10
434.1278967098417
 20
55.751449496616
 30
0.0
 10
425.2360048506109
 20
65.49489286893312
 30
0.0
 10
416.6082026312557
 20
75.46527132518257
 30
0.0
  0
SPLINE
  5
1C1
330
1F
100
AcDbEntity
  8
0
  6
Continuous
 62
     7
370
    25
100
AcDbSpline
210
0.0
220
0.0
230
1.0
 70
     8
 71
     3
 72
     8
 73
     4
 74
     0
 42
0.00000001
 43
0.00000001
 40
0.8781803312722349
 40
0.8781803312722349
 40
0.8781803312722349
 40
0.8781803312722349
 40
1.0
 40
1.0
 40
1.0
 40
1.0
 10
442.9818195338759
 20
63.34363841125914
 30
0.0
 10
443.0006579332796
 20
57.63623284004968
 30
0.0
 10
443.0841503722259
 20
51.93728391287939
 30
0.0
 10
443.2781977353321
 20
46.25279539138538
 30
0.0
  0
ARC
  5
1C2
330
1F
100
AcDbEntity
  8
0
  6
Continuous
 62
     7
370
    25
100
AcDbCircle
 10
443.08855957
 20
65.0903801107
 30
0.0
 40
1.750000000000007
100
AcDbArc
 50
266.5031131329
 51
93.6231005835
  0
SPLINE
  5
1C3
330
1F
100
AcDbEntity
  8
0
  6
Continuous
 62
     7
370
    25
100
AcDbSpline
210
0.0
220
0.0
230
1.0
 70
     8
 71
     3
 72
    11
 73
     7
 74
     0
 42
0.00000001
 43
0.00000001
 40
0.0486559900682425
 40
0.0486559900682425
 40
0.0486559900682425
 40
0.0486559900682425
 40
0.257258813146129
 40
0.3972705060112033
 40
0.4857857553978118
 40
0.8533340466238273
 40
0.8533340466238273
 40
0.8533340466238273
 40
0.8533340466238273
 10
447.4133683316838
 20
179.0746513581853
 30
0.0
 10
446.5824010909164
 20
168.6846340510251
 30
0.0
 10
445.7652281020095
 20
154.2332258871998
 30
0.0
 10
442.960310622756
 20
133.3774229974978
 30
0.0
 10
443.6405586201976
 20
105.5274629216652
 30
0.0
 10
442.99494577327
 20
84.06663930051583
 30
0.0
 10
442.977971994901
 20
66.83688244059994
 30
0.0
  0
LINE
  5
1C4
330
1F
100
AcDbEntity
  8
0
  6
Continuous
 62
     7
370
    25
100
AcDbLine
 10
451.6044479836
 20
179.0746513582
 30
0.0
 11
447.4133683316
 21
179.0746513582
 31
0.0
  0
LINE
  5
1C5
330
1F
100
AcDbEntity
  8
0
  6
Continuous
 62
     7
370
    25
100
AcDbLine
 10
451.6044479836
 20
179.0746513582
 30
0.0
 11
458.4145197926
 21
164.4920180675
 31
0.0
  0
LINE
  5
1C6
330
1F
100
AcDbEntity
  8
0
  6
Continuous
 62
     7
370
    25
100
AcDbLine
 10
458.4145197926
 20
164.4920180675
 30
0.0
 11
458.155748346
 21
179.0746513582
 31
0.0
  0
LINE
  5
1C7
330
1F
100
AcDbEntity
  8
0
  6
Continuous
 62
     7
370
    25
100
AcDbLine
 10
461.2642883226
 20
179.0746513582
 30
0.0
 11
458.155748346
 21
179.0746513582
 31
0.0
  0
LINE
  5
1C8
330
1F
100
AcDbEntity
  8
0
  6
Continuous
 62
     7
370
    25
100
AcDbLine
 10
461.2642883226
 20
179.0746513582
 30
0.0
 11
461.2642883226
 21
227.0592261146
 31
0.0
  0
LINE
  5
1C9
330
1F
100
AcDbEntity
  8
0
  6
Continuous
 62
     7
370
    25
100
AcDbLine
 10
489.0696213818
 20
227.0592261146
 30
0.0
 11
461.2642883226
 21
227.0592261146
 31
0.0
  0
LINE
  5
1CA
330
1F
100
AcDbEntity
  8
0
  6
Continuous
 62
     7
370
    25
100
AcDbLine
 10
489.0534670565
 20
222.6655904005
 30
0.0
 11
489.0696213818
 21
227.0592261146
 31
0.0
  0
ARC
  5
1CB
330
1F
100
AcDbEntity
  8
0
  6
Continuous
 62
     7
370
    25
100
AcDbCircle
 10
494.7405320655
 20
222.6446804516
 30
0.0
 40
5.687103449257608
100
AcDbArc
 50
179.7893383636
 51
286.8553633319
  0
LINE
  5
1CC
330
1F
100
AcDbEntity
  8
0
  6
Continuous
 62
     7
370
    25
100
AcDbLine
 10
528.9249445375
 20
227.0592261146
 30
0.0
 11
496.3895457761
 21
217.2018962905
 31
0.0
  0
LINE
  5
1CD
330
1F
100
AcDbEntity
  8
0
  6
Continuous
 62
     7
370
    25
100
AcDbLine
 10
554.9251998461
 20
227.0592261146
 30
0.0
 11
528.9249445375
 21
227.0592261146
 31
0.0
  0
LINE
  5
1CE
330
1F
100
AcDbEntity
  8
0
  6
Continuous
 62
     7
370
    25
100
AcDbLine
 10
554.9251998461
 20
227.0592261146
 30
0.0
 11
550.568489766
 21
224.3368515104
 31
0.0
  0
LINE
  5
1CF
330
1F
100
AcDbEntity
  8
0
  6
Continuous
 62
     7
370
    25
100
AcDbLine
 10
550.568489766
 20
224.3368515104
 30
0.0
 11
555.4172510338
 21
216.5772114306
 31
0.0
  0
LINE
  5
1D0
330
1F
100
AcDbEntity
  8
0
  6
Continuous
 62
     7
370
    25
100
AcDbLine
 10
555.4172510338
 20
216.5772114306
 30
0.0
 11
556.3925063443
 21
217.1866185845
 31
0.0
  0
LINE
  5
1D1
330
1F
100
AcDbEntity
  8
0
  6
Continuous
 62
     7
370
    25
100
AcDbLine
 10
556.3925063443
 20
217.1866185845
 30
0.0
 11
554.9872613862
 21
219.4354806128
 31
0.0
  0
LINE
  5
1D2
330
1F
100
AcDbEntity
  8
0
  6
Continuous
 62
     7
370
    25
100
AcDbLine
 10
554.9872613862
 20
219.4354806128
 30
0.0
 11
560.9736291245
 21
223.1761783417
 31
0.0
  0
LINE
  5
1D3
330
1F
100
AcDbEntity
  8
0
  6
Continuous
 62
     7
370
    25
100
AcDbLine
 10
560.9736291245
 20
223.1761783417
 30
0.0
 11
564.1329128699
 21
222.0233613936
 31
0.0
  0
LINE
  5
1D4
330
1F
100
AcDbEntity
  8
0
  6
Continuous
 62
     7
370
    25
100
AcDbLine
 10
564.1329128699
 20
222.0233613936
 30
0.0
 11
565.1081681805
 21
222.6327685475
 31
0.0
  0
LINE
  5
1D5
330
1F
100
AcDbEntity
  8
0
  6
Continuous
 62
     7
370
    25
100
AcDbLine
 10
565.1081681805
 20
222.6327685475
 30
0.0
 11
561.8730939997
 21
223.813241289
 31
0.0
  0
ARC
  5
1D6
330
1F
100
AcDbEntity
  8
0
  6
Continuous
 62
     7
370
    25
100
AcDbCircle
 10
559.6310767409
 20
226.168521432
 30
0.0
 40
3.251766587712058
100
AcDbArc
 50
313.5886984965
 51
15.8973114166
  0
LINE
  5
1D7
330
1F
100
AcDbEntity
  8
0
  6
Continuous
 62
     7
370
    25
100
AcDbLine
 10
568.4348379662
 20
227.0592261146
 30
0.0
 11
562.7584767967
 21
227.0592261146
 31
0.0
  0
LINE
  5
1D8
330
1F
100
AcDbEntity
  8
0
  6
Continuous
 62
     7
370
    25
100
AcDbLine
 10
568.4348379662
 20
227.0592261146
 30
0.0
 11
569.4898979516
 21
225.3707771898
 31
0.0
  0
LINE
  5
1D9
330
1F
100
AcDbEntity
  8
0
  6
Continuous
 62
     7
370
    25
100
AcDbLine
 10
569.4898979516
 20
225.3707771898
 30
0.0
 11
572.1919810665
 21
227.0592261146
 31
0.0
  0
LINE
  5
1DA
330
1F
100
AcDbEntity
  8
0
  6
Continuous
 62
     7
370
    25
100
AcDbLine
 10
537.7340555853
 20
214.9609517779
 30
0.0
 11
547.062584643
 21
220.7900636845
 31
0.0
  0
LINE
  5
1DB
330
1F
100
AcDbEntity
  8
0
  6
Continuous
 62
     7
370
    25
100
AcDbLine
 10
547.062584643
 20
220.7900636845
 30
0.0
 11
546.4531774891
 21
221.7653189951
 31
0.0
  0
LINE
  5
1DC
330
1F
100
AcDbEntity
  8
0
  6
Continuous
 62
     7
370
    25
100
AcDbLine
 10
546.4531774891
 20
221.7653189951
 30
0.0
 11
537.1246484314
 21
215.9362070885
 31
0.0
  0
LINE
  5
1DD
330
1F
100
AcDbEntity
  8
0
  6
Continuous
 62
     7
370
    25
100
AcDbLine
 10
537.1246484314
 20
215.9362070885
 30
0.0
 11
537.7340555853
 21
214.9609517779
 31
0.0
  0
LINE
  5
1DE
330
1F
100
AcDbEntity
  8
0
  6
Continuous
 62
     7
370
    25
100
AcDbLine
 10
514.4459134046
 20
190.7396425587
 30
0.0
 11
523.7744424623
 21
196.5687544653
 31
0.0
  0
LINE
  5
1DF
330
1F
100
AcDbEntity
  8
0
  6
Continuous
 62
     7
370
    25
100
AcDbLine
 10
523.7744424623
 20
196.5687544653
 30
0.0
 11
523.1650353084
 21
197.5440097759
 31
0.0
  0
LINE
  5
1E0
330
1F
100
AcDbEntity
  8
0
  6
Continuous
 62
     7
370
    25
100
AcDbLine
 10
523.1650353084
 20
197.5440097759
 30
0.0
 11
515.0098970896
 21
192.4481138423
 31
0.0
  0
LINE
  5
1E1
330
1F
100
AcDbEntity
  8
0
  6
Continuous
 62
     7
370
    25
100
AcDbLine
 10
515.0098970896
 20
192.4481138423
 30
0.0
 11
513.314155444
 21
195.16186775
 31
0.0
  0
LINE
  5
1E2
330
1F
100
AcDbEntity
  8
0
  6
Continuous
 62
     7
370
    25
100
AcDbLine
 10
513.314155444
 20
195.16186775
 30
0.0
 11
521.4692936629
 21
200.2577636836
 31
0.0
  0
LINE
  5
1E3
330
1F
100
AcDbEntity
  8
0
  6
Continuous
 62
     7
370
    25
100
AcDbLine
 10
521.4692936629
 20
200.2577636836
 30
0.0
 11
520.859886509
 21
201.2330189941
 31
0.0
  0
LINE
  5
1E4
330
1F
100
AcDbEntity
  8
0
  6
Continuous
 62
     7
370
    25
100
AcDbLine
 10
520.859886509
 20
201.2330189941
 30
0.0
 11
511.5313574513
 21
195.4039070876
 31
0.0
  0
LINE
  5
1E5
330
1F
100
AcDbEntity
  8
0
  6
Continuous
 62
     7
370
    25
100
AcDbLine
 10
511.5313574513
 20
195.4039070876
 30
0.0
 11
514.4459134046
 21
190.7396425587
 31
0.0
  0
CIRCLE
  5
1E6
330
1F
100
AcDbEntity
  8
0
  6
Continuous
 62
     7
370
    25
100
AcDbCircle
 10
454.8042883226
 20
93.3746513582
 30
0.0
 40
1.750000000000028
  0
CIRCLE
  5
1E7
330
1F
100
AcDbEntity
  8
0
  6
Continuous
 62
     7
370
    25
100
AcDbCircle
 10
414.8042883226
 20
53.3746513582
 30
0.0
 40
1.75
  0
CIRCLE
  5
1E8
330
1F
100
AcDbEntity
  8
0
  6
Continuous
 62
     7
370
    25
100
AcDbCircle
 10
386.5200170751
 20
65.0903801107
 30
0.0
 40
1.75
  0
CIRCLE
  5
1E9
330
1F
100
AcDbEntity
  8
0
  6
Continuous
 62
     7
370
    25
100
AcDbCircle
 10
374.8042883226
 20
93.3746513582
 30
0.0
 40
1.749999999999972
  0
LINE
  5
1EA
330
1F
100
AcDbEntity
  8
0
  6
Continuous
 62
     7
370
    25
100
AcDbLine
 10
510.1005754378
 20
197.6936369472
 30
0.0
 11
519.4291044956
 21
203.5227488538
 31
0.0
  0
LINE
  5
1EB
330
1F
100
AcDbEntity
  8
0
  6
Continuous
 62
     7
370
    25
100
AcDbLine
 10
519.4291044956
 20
203.5227488538
 30
0.0
 11
518.8196973417
 21
204.4980041643
 31
0.0
  0
LINE
  5
1EC
330
1F
100
AcDbEntity
  8
0
  6
Continuous
 62
     7
370
    25
100
AcDbLine
 10
518.8196973417
 20
204.4980041643
 30
0.0
 11
509.491168284
 21
198.6688922578
 31
0.0
  0
LINE
  5
1ED
330
1F
100
AcDbEntity
  8
0
  6
Continuous
 62
     7
370
    25
100
AcDbLine
 10
509.491168284
 20
198.6688922578
 30
0.0
 11
510.1005754378
 21
197.6936369472
 31
0.0
  0
LINE
  5
1EE
330
1F
100
AcDbEntity
  8
0
  6
Continuous
 62
     7
370
    25
100
AcDbLine
 10
535.9294851947
 20
205.5160262739
 30
0.0
 11
524.1924735888
 21
207.8552873758
 31
0.0
  0
LINE
  5
1EF
330
1F
100
AcDbEntity
  8
0
  6
Continuous
 62
     7
370
    25
100
AcDbLine
 10
524.1924735888
 20
207.8552873758
 30
0.0
 11
522.968852986
 21
207.0906843627
 31
0.0
  0
LINE
  5
1F0
330
1F
100
AcDbEntity
  8
0
  6
Continuous
 62
     7
370
    25
100
AcDbLine
 10
522.968852986
 20
207.0906843627
 30
0.0
 11
527.8863326057
 21
199.2210719314
 31
0.0
  0
LINE
  5
1F1
330
1F
100
AcDbEntity
  8
0
  6
Continuous
 62
     7
370
    25
100
AcDbLine
 10
527.8863326057
 20
199.2210719314
 30
0.0
 11
529.1099532085
 21
199.9856749445
 31
0.0
  0
LINE
  5
1F2
330
1F
100
AcDbEntity
  8
0
  6
Continuous
 62
     7
370
    25
100
AcDbLine
 10
529.1099532085
 20
199.9856749445
 30
0.0
 11
524.7627740487
 21
206.9426158578
 31
0.0
  0
LINE
  5
1F3
330
1F
100
AcDbEntity
  8
0
  6
Continuous
 62
     7
370
    25
100
AcDbLine
 10
524.7627740487
 20
206.9426158578
 30
0.0
 11
536.4997856547
 21
204.6033547558
 31
0.0
  0
LINE
  5
1F4
330
1F
100
AcDbEntity
  8
0
  6
Continuous
 62
     7
370
    25
100
AcDbLine
 10
536.4997856547
 20
204.6033547558
 30
0.0
 11
537.7234062575
 21
205.3679577689
 31
0.0
  0
LINE
  5
1F5
330
1F
100
AcDbEntity
  8
0
  6
Continuous
 62
     7
370
    25
100
AcDbLine
 10
537.7234062575
 20
205.3679577689
 30
0.0
 11
532.8059266378
 21
213.2375702002
 31
0.0
  0
LINE
  5
1F6
330
1F
100
AcDbEntity
  8
0
  6
Continuous
 62
     7
370
    25
100
AcDbLine
 10
532.8059266378
 20
213.2375702002
 30
0.0
 11
531.582306035
 21
212.4729671872
 31
0.0
  0
LINE
  5
1F7
330
1F
100
AcDbEntity
  8
0
  6
Continuous
 62
     7
370
    25
100
AcDbLine
 10
531.582306035
 20
212.4729671872
 30
0.0
 11
535.9294851947
 21
205.5160262739
 31
0.0
  0
LINE
  5
1F8
330
1F
100
AcDbEntity
  8
0
  6
Continuous
 62
     7
370
    25
100
AcDbLine
 10
541.9734096991
 20
208.1765670087
 30
0.0
 11
551.3019387568
 21
214.0056789152
 31
0.0
  0
LINE
  5
1F9
330
1F
100
AcDbEntity
  8
0
  6
Continuous
 62
     7
370
    25
100
AcDbLine
 10
551.3019387568
 20
214.0056789152
 30
0.0
 11
550.692531603
 21
214.9809342258
 31
0.0
  0
LINE
  5
1FA
330
1F
100
AcDbEntity
  8
0
  6
Continuous
 62
     7
370
    25
100
AcDbLine
 10
550.692531603
 20
214.9809342258
 30
0.0
 11
542.5373933841
 21
209.8850382923
 31
0.0
  0
LINE
  5
1FB
330
1F
100
AcDbEntity
  8
0
  6
Continuous
 62
     7
370
    25
100
AcDbLine
 10
542.5373933841
 20
209.8850382923
 30
0.0
 11
540.8416517386
 21
212.5987922
 31
0.0
  0
LINE
  5
1FC
330
1F
100
AcDbEntity
  8
0
  6
Continuous
 62
     7
370
    25
100
AcDbLine
 10
540.8416517386
 20
212.5987922
 30
0.0
 11
548.9967899574
 21
217.6946881335
 31
0.0
  0
LINE
  5
1FD
330
1F
100
AcDbEntity
  8
0
  6
Continuous
 62
     7
370
    25
100
AcDbLine
 10
548.9967899574
 20
217.6946881335
 30
0.0
 11
548.3873828036
 21
218.6699434441
 31
0.0
  0
LINE
  5
1FE
330
1F
100
AcDbEntity
  8
0
  6
Continuous
 62
     7
370
    25
100
AcDbLine
 10
548.3873828036
 20
218.6699434441
 30
0.0
 11
539.0588537458
 21
212.8408315375
 31
0.0
  0
LINE
  5
1FF
330
1F
100
AcDbEntity
  8
0
  6
Continuous
 62
     7
370
    25
100
AcDbLine
 10
539.0588537458
 20
212.8408315375
 30
0.0
 11
541.9734096991
 21
208.1765670087
 31
0.0
  0
LINE
  5
200
330
1F
100
AcDbEntity
  8
0
  6
Continuous
 62
     7
370
    25
100
AcDbLine
 10
295.8573554591
 20
221.849372104
 30
0.0
 11
269.2814569518
 21
227.0592261146
 31
0.0
  0
LINE
  5
201
330
1F
100
AcDbEntity
  8
0
  6
Continuous
 62
     7
370
    25
100
AcDbLine
 10
674.6799020024
 20
318.5847923581
 30
0.0
 11
614.3669038341
 21
319.5347177179
 31
0.0
  0
LINE
  5
202
330
1F
100
AcDbEntity
  8
0
  6
Continuous
 62
     7
370
    25
100
AcDbLine
 10
524.6176427132
 20
318.5847923581
 30
0.0
 11
674.6799020024
 21
318.5847923581
 31
0.0
  0
LINE
  5
203
330
1F
100
AcDbEntity
  8
0
  6
Continuous
 62
     7
370
    25
100
AcDbLine
 10
505.0895545874
 20
318.5847923581
 30
0.0
 11
524.6176427132
 21
318.5847923581
 31
0.0
  0
LINE
  5
204
330
1F
100
AcDbEntity
  8
0
  6
Continuous
 62
     7
370
    25
100
AcDbLine
 10
481.5262671279
 20
318.5847923581
 30
0.0
 11
505.0895545874
 21
318.5847923581
 31
0.0
  0
LINE
  5
205
330
1F
100
AcDbEntity
  8
0
  6
Continuous
 62
     7
370
    25
100
AcDbLine
 10
326.0501098188
 20
318.5847923581
 30
0.0
 11
481.5262671279
 21
318.5847923581
 31
0.0
  0
LINE
  5
206
330
1F
100
AcDbEntity
  8
0
  6
Continuous
 62
     7
370
    25
100
AcDbLine
 10
315.6011043323
 20
318.5847923581
 30
0.0
 11
326.0501098188
 21
318.5847923581
 31
0.0
  0
LINE
  5
207
330
1F
100
AcDbEntity
  8
0
  6
Continuous
 62
     7
370
    25
100
AcDbLine
 10
314.7157117626
 20
318.5847923581
 30
0.0
 11
315.6011043323
 21
318.5847923581
 31
0.0
  0
LINE
  5
208
330
1F
100
AcDbEntity
  8
0
  6
Continuous
 62
     7
370
    25
100
AcDbLine
 10
314.7409568852
 20
319.5347177179
 30
0.0
 11
315.277347051
 21
319.5347177179
 31
0.0
  0
LINE
  5
209
330
1F
100
AcDbEntity
  8
0
  6
Continuous
 62
     7
370
    25
100
AcDbLine
 10
325.8500008953
 20
319.5347177179
 30
0.0
 11
481.1696923223
 21
319.5347177179
 31
0.0
  0
LINE
  5
20A
330
1F
100
AcDbEntity
  8
0
  6
Continuous
 62
     7
370
    25
100
AcDbLine
 10
481.1696923223
 20
319.5347177179
 30
0.0
 11
505.1800093266
 21
319.5347177179
 31
0.0
  0
LINE
  5
20B
330
1F
100
AcDbEntity
  8
0
  6
Continuous
 62
     7
370
    25
100
AcDbLine
 10
505.1800093266
 20
319.5347177179
 30
0.0
 11
524.3369164426
 21
319.5347177179
 31
0.0
  0
LINE
  5
20C
330
1F
100
AcDbEntity
  8
0
  6
Continuous
 62
     7
370
    25
100
AcDbLine
 10
524.3369164426
 20
319.5347177179
 30
0.0
 11
614.3669038341
 21
319.5347177179
 31
0.0
  0
LINE
  5
20D
330
1F
100
AcDbEntity
  8
0
  6
Continuous
 62
     7
370
    25
100
AcDbLine
 10
286.0299865347
 20
319.5347177179
 30
0.0
 11
285.5507481012
 21
318.5847923581
 31
0.0
  0
ELLIPSE
  5
20E
330
1F
100
AcDbEntity
  8
0
  6
Continuous
 62
     7
370
    25
100
AcDbEllipse
 10
419.9147541913
 20
266.2381140864
 30
0.0
 11
0.0
 21
1.891966651102621
 31
0.0
210
0.0
220
0.0
230
1.0
 40
0.9249634495
 41
1.154391540563986
 42
4.453372029380725
  0
SPLINE
  5
20F
330
1F
100
AcDbEntity
  8
0
  6
Continuous
 62
     7
370
    25
100
AcDbSpline
210
0.0
220
0.0
230
1.0
 70
     8
 71
     3
 72
     8
 73
     4
 74
     0
 42
0.00000001
 43
0.00000001
 40
0.0
 40
0.0
 40
0.0
 40
0.0
 40
1.0
 40
1.0
 40
1.0
 40
1.0
 10
421.6063781006591
 20
265.7535238750982
 30
0.0
 10
424.9924985134954
 20
264.4818739829195
 30
0.0
 10
428.3947852302337
 20
263.2548408127624
 30
0.0
 10
431.8375019950843
 20
262.1393888815137
 30
0.0
  0
LINE
  5
210
330
1F
100
AcDbEntity
  8
0
  6
Continuous
 62
     7
370
    25
100
AcDbLine
 10
431.8375019951
 20
262.1393888815
 30
0.0
 11
457.7601476056
 21
273.3082901609
 31
0.0
  0
LINE
  5
211
330
1F
100
AcDbEntity
  8
0
  6
Continuous
 62
     7
370
    25
100
AcDbLine
 10
498.4953324093
 20
264.3926326778
 30
0.0
 11
512.2854321227
 21
273.3082901609
 31
0.0
  0
ELLIPSE
  5
212
330
1F
100
AcDbEntity
  8
0
  6
Continuous
 62
     7
370
    25
100
AcDbEllipse
 10
508.3661561913
 20
246.5475614297
 30
0.0
 11
0.0
 21
20.7925284990626
 31
0.0
210
0.0
220
0.0
230
1.0
 40
0.9249634495
 41
0.5389571045805457
 42
1.567119587632555
  0
LINE
  5
213
330
1F
100
AcDbEntity
  8
0
  6
Continuous
 62
     7
370
    25
100
AcDbLine
 10
489.070650687
 20
228.0091514744
 30
0.0
 11
489.1339573014
 21
246.6240099613
 31
0.0
  0
LINE
  5
214
330
1F
100
AcDbEntity
  8
0
  6
Continuous
 62
     7
370
    25
100
AcDbLine
 10
461.2642883226
 20
228.0091514744
 30
0.0
 11
489.070650687
 21
228.0091514744
 31
0.0
  0
LINE
  5
215
330
1F
100
AcDbEntity
  8
0
  6
Continuous
 62
     7
370
    25
100
AcDbLine
 10
461.2642883226
 20
236.3265453181
 30
0.0
 11
461.2642883226
 21
228.0091514744
 31
0.0
  0
LINE
  5
216
330
1F
100
AcDbEntity
  8
0
  6
Continuous
 62
     7
370
    25
100
AcDbLine
 10
461.2642883226
 20
237.7235633751
 30
0.0
 11
461.2642883226
 21
236.3265453181
 31
0.0
  0
LINE
  5
217
330
1F
100
AcDbEntity
  8
0
  6
Continuous
 62
     7
370
    25
100
AcDbLine
 10
457.1169066596
 20
237.7235633751
 30
0.0
 11
461.2642883226
 21
237.7235633751
 31
0.0
  0
LINE
  5
218
330
1F
100
AcDbEntity
  8
0
  6
Continuous
 62
     7
370
    25
100
AcDbLine
 10
457.1169066596
 20
237.7235633751
 30
0.0
 11
456.9982436849
 21
244.9530966459
 31
0.0
  0
SPLINE
  5
219
330
1F
100
AcDbEntity
  8
0
  6
Continuous
 62
     7
370
    25
100
AcDbSpline
210
0.0
220
0.0
230
1.0
 70
     8
 71
     3
 72
     8
 73
     4
 74
     0
 42
0.00000001
 43
0.00000001
 40
0.0
 40
0.0
 40
0.0
 40
0.0
 40
1.0
 40
1.0
 40
1.0
 40
1.0
 10
456.9982436848958
 20
244.9530966459393
 30
0.0
 10
456.3874892134089
 20
242.5339765704071
 30
0.0
 10
455.7414935209053
 20
240.1248408496155
 30
0.0
 10
455.0677610141253
 20
237.7235633750798
 30
0.0
  0
LINE
  5
21A
330
1F
100
AcDbEntity
  8
0
  6
Continuous
 62
     7
370
    25
100
AcDbLine
 10
448.0841364865
 20
237.7235633751
 30
0.0
 11
455.0677610141
 21
237.7235633751
 31
0.0
  0
SPLINE
  5
21B
330
1F
100
AcDbEntity
  8
0
  6
Continuous
 62
     7
370
    25
100
AcDbSpline
210
0.0
220
0.0
230
1.0
 70
     8
 71
     3
 72
    22
 73
    18
 74
     0
 42
0.00000001
 43
0.00000001
 40
0.0
 40
0.0
 40
0.0
 40
0.0
 40
0.1250000000000005
 40
0.1250000000000005
 40
0.250000000000001
 40
0.250000000000001
 40
0.3125000000000011
 40
0.3125000000000011
 40
0.3750000000000013
 40
0.3750000000000013
 40
0.5000000000000011
 40
0.5000000000000011
 40
0.6250000000000009
 40
0.6250000000000009
 40
0.7500000000000008
 40
0.7500000000000008
 40
1.0
 40
1.0
 40
1.0
 40
1.0
 10
448.08413648654
 20
237.7235633750791
 30
0.0
 10
448.6658889770332
 20
239.3036355494306
 30
0.0
 10
449.2706107167243
 20
240.8729492012419
 30
0.0
 10
450.546993909747
 20
243.9802227408892
 30
0.0
 10
451.2225325815854
 20
245.5163665857914
 30
0.0
 10
452.3407348901268
 20
247.7714511129548
 30
0.0
 10
452.7318206923667
 20
248.5145502380918
 30
0.0
 10
453.5534249984869
 20
249.9822786809391
 30
0.0
 10
453.9829579644426
 20
250.707369612866
 30
0.0
 10
455.3187316168083
 20
252.8605463159434
 30
0.0
 10
456.2722871670722
 20
254.2664703688385
 30
0.0
 10
458.2534743227041
 20
257.0436221333742
 30
0.0
 10
459.2812698944177
 20
258.4151685572284
 30
0.0
 10
461.3506801321161
 20
261.1438688717203
 30
0.0
 10
462.3933732871878
 20
262.5025586339478
 30
0.0
 10
465.4702604203077
 20
266.6149032721059
 30
0.0
 10
467.454719181284
 20
269.4038009745723
 30
0.0
 10
469.1612115071451
 20
272.3896682175829
 30
0.0
  0
LINE
  5
21C
330
1F
100
AcDbEntity
  8
0
  6
Continuous
 62
     7
370
    25
100
AcDbLine
 10
469.1612115071
 20
272.3896682176
 30
0.0
 11
444.3123616299
 21
261.6834171908
 31
0.0
  0
SPLINE
  5
21D
330
1F
100
AcDbEntity
  8
0
  6
Continuous
 62
     7
370
    25
100
AcDbSpline
210
0.0
220
0.0
230
1.0
 70
     8
 71
     3
 72
     8
 73
     4
 74
     0
 42
0.00000001
 43
0.00000001
 40
0.0
 40
0.0
 40
0.0
 40
0.0
 40
1.0
 40
1.0
 40
1.0
 40
1.0
 10
444.3123616299254
 20
261.683417190752
 30
0.0
 10
439.6659877751188
 20
259.6221280126767
 30
0.0
 10
434.9134278285692
 20
257.8053505601357
 30
0.0
 10
430.075625140197
 20
256.2453773238924
 30
0.0
  0
LINE
  5
21E
330
1F
100
AcDbEntity
  8
0
  6
Continuous
 62
     7
370
    25
100
AcDbLine
 10
430.0756251402
 20
256.2453773239
 30
0.0
 11
411.3486868985
 21
265.6228001236
 31
0.0
  0
ELLIPSE
  5
21F
330
1F
100
AcDbEntity
  8
0
  6
Continuous
 62
     7
370
    25
100
AcDbEllipse
 10
409.6938224538
 20
266.2381140864
 30
0.0
 11
0.0
 21
1.891966651102905
 31
0.0
210
0.0
220
0.0
230
1.0
 40
0.9249634495
 41
4.38113982527338
 42
7.317725333573213
  0
LINE
  5
220
330
1F
100
AcDbEntity
  8
0
  6
Continuous
 62
     7
370
    25
100
AcDbLine
 10
408.189474439
 20
267.2047603226
 30
0.0
 11
401.8025762018
 21
270.4029684
 31
0.0
  0
ELLIPSE
  5
221
330
1F
100
AcDbEntity
  8
0
  6
Continuous
 62
     7
370
    25
100
AcDbEllipse
 10
400.0892883226
 20
270.0174683296
 30
0.0
 11
0.0
 21
1.891966651102564
 31
0.0
210
0.0
220
0.0
230
1.0
 40
0.9249634495
 41
4.9175821402239
 42
6.781283018622775
  0
LINE
  5
222
330
1F
100
AcDbEntity
  8
0
  6
Continuous
 62
     7
370
    25
100
AcDbLine
 10
399.253216623
 20
271.6795477495
 30
0.0
 11
396.0005789631
 21
273.3082901609
 31
0.0
  0
SPLINE
  5
223
330
1F
100
AcDbEntity
  8
0
  6
Continuous
 62
     7
370
    25
100
AcDbSpline
210
0.0
220
0.0
230
1.0
 70
     8
 71
     3
 72
     8
 73
     4
 74
     0
 42
0.00000001
 43
0.00000001
 40
0.0
 40
0.0
 40
0.0
 40
0.0
 40
1.0
 40
1.0
 40
1.0
 40
1.0
 10
401.5395527285563
 20
273.3082901609398
 30
0.0
 10
407.1812397105401
 20
271.3402675206261
 30
0.0
 10
412.7358816521581
 20
269.1398155435415
 30
0.0
 10
418.3142934026911
 20
267.0033674394046
 30
0.0
  0
ARC
  5
224
330
1F
100
AcDbEntity
  8
0
  6
Continuous
 62
     7
370
    25
100
AcDbCircle
 10
674.4657427052
 20
312.5886155932
 30
0.0
 40
6.000000000000088
100
AcDbArc
 50
315.7523928374
 51
87.9544948671
  0
LINE
  5
225
330
1F
100
AcDbEntity
  8
0
  6
Continuous
 62
     7
370
    25
100
AcDbLine
 10
678.7637292125
 20
308.4020523269
 30
0.0
 11
661.6629651496
 21
290.8461601713
 31
0.0
  0
ARC
  5
226
330
1F
100
AcDbEntity
  8
0
  6
Continuous
 62
     7
370
    25
100
AcDbCircle
 10
656.6906356888
 20
287.4881935643
 30
0.0
 40
6.00000000000006
100
AcDbArc
 50
314.8733409283
 51
34.0323638707
  0
ARC
  5
227
330
1F
100
AcDbEntity
  8
0
  6
Continuous
 62
     7
370
    25
100
AcDbCircle
 10
217.7218852976
 20
728.4020312604
 30
0.0
 40
628.1724649097944
100
AcDbArc
 50
313.7005595446
 51
314.8733409283
  0
LINE
  5
228
330
1F
100
AcDbEntity
  8
0
  6
Continuous
 62
     7
370
    25
100
AcDbLine
 10
651.7196275686
 20
274.2582155208
 30
0.0
 11
600.6582750902
 21
274.2582155208
 31
0.0
  0
LINE
  5
229
330
1F
100
AcDbEntity
  8
0
  6
Continuous
 62
     7
370
    25
100
AcDbLine
 10
601.4882951904
 20
274.7984106662
 30
0.0
 11
600.6582750902
 21
274.2582155208
 31
0.0
  0
ARC
  5
22A
330
1F
100
AcDbEntity
  8
0
  6
Continuous
 62
     7
370
    25
100
AcDbCircle
 10
595.5659273877
 20
283.898241272
 30
0.0
 40
10.85731815162722
100
AcDbArc
 50
303.0569543069
 51
77.9478438111
  0
LINE
  5
22B
330
1F
100
AcDbEntity
  8
0
  6
Continuous
 62
     7
370
    25
100
AcDbLine
 10
563.4256526444
 20
301.8624823658
 30
0.0
 11
597.8329572366
 21
294.516241701
 31
0.0
  0
ARC
  5
22C
330
1F
100
AcDbEntity
  8
0
  6
Continuous
 62
     7
370
    25
100
AcDbCircle
 10
562.4848695926
 20
297.4561730036
 30
0.0
 40
4.505622592501612
100
AcDbArc
 50
77.9478438111
 51
120.879967431
  0
LINE
  5
22D
330
1F
100
AcDbEntity
  8
0
  6
Continuous
 62
     7
370
    25
100
AcDbLine
 10
514.9143720418
 20
274.2582155208
 30
0.0
 11
560.1723983935
 21
301.3230983842
 31
0.0
  0
LINE
  5
22E
330
1F
100
AcDbEntity
  8
0
  6
Continuous
 62
     7
370
    25
100
AcDbLine
 10
458.462610983
 20
274.2582155208
 30
0.0
 11
467.9747352851
 21
278.0490360006
 31
0.0
  0
SPLINE
  5
22F
330
1F
100
AcDbEntity
  8
0
  6
Continuous
 62
     7
370
    25
100
AcDbSpline
210
0.0
220
0.0
230
1.0
 70
     8
 71
     3
 72
     8
 73
     4
 74
     0
 42
0.00000001
 43
0.00000001
 40
0.0
 40
0.0
 40
0.0
 40
0.0
 40
1.0
 40
1.0
 40
1.0
 40
1.0
 10
482.4734288964974
 20
282.0078746203021
 30
0.0
 10
477.5573904836626
 20
280.993724605167
 30
0.0
 10
472.7244926132055
 20
279.6741117319199
 30
0.0
 10
467.9747352851263
 20
278.0490360005609
 30
0.0
  0
LINE
  5
230
330
1F
100
AcDbEntity
  8
0
  6
Continuous
 62
     7
370
    25
100
AcDbLine
 10
482.4734288965
 20
282.0078746203
 30
0.0
 11
513.331211197
 21
283.2500311112
 31
0.0
  0
LINE
  5
231
330
1F
100
AcDbEntity
  8
0
  6
Continuous
 62
     7
370
    25
100
AcDbLine
 10
513.331211197
 20
283.2500311112
 30
0.0
 11
525.9320884309
 21
295.8858807057
 31
0.0
  0
LINE
  5
232
330
1F
100
AcDbEntity
  8
0
  6
Continuous
 62
     7
370
    25
100
AcDbLine
 10
525.9320884309
 20
295.8858807057
 30
0.0
 11
528.642598865
 21
314.5709761156
 31
0.0
  0
LINE
  5
233
330
1F
100
AcDbEntity
  8
0
  6
Continuous
 62
     7
370
    25
100
AcDbLine
 10
528.642598865
 20
314.5709761156
 30
0.0
 11
524.6176427132
 21
318.5847923581
 31
0.0
  0
CIRCLE
  5
234
330
1F
100
AcDbEntity
  8
0
  6
Continuous
 62
     7
370
    25
100
AcDbCircle
 10
629.3842883226
 20
296.4215039394
 30
0.0
 40
5.5
  0
LINE
  5
235
330
1F
100
AcDbEntity
  8
0
  6
Continuous
 62
     7
370
    25
100
AcDbLine
 10
461.2642883226
 20
228.0091514744
 30
0.0
 11
461.2642883226
 21
227.0592261146
 31
0.0
  0
LINE
  5
236
330
1F
100
AcDbEntity
  8
0
  6
Continuous
 62
     7
370
    25
100
AcDbLine
 10
489.0696213818
 20
227.0592261146
 30
0.0
 11
489.070650687
 21
228.0091514744
 31
0.0
  0
LINE
  5
237
330
1F
100
AcDbEntity
  8
0
  6
Continuous
 62
     7
370
    25
100
AcDbLine
 10
562.6932445554
 20
364.8338564044
 30
0.0
 11
567.5973063709
 21
363.7577727644
 31
0.0
  0
ELLIPSE
  5
238
330
1F
100
AcDbEntity
  8
0
  6
Continuous
 62
     7
370
    25
100
AcDbEllipse
 10
566.4038675016
 20
357.4006449688
 30
0.0
 11
0.0
 21
-6.486742803780373
 31
-6.661338147750939E-16
210
0.0
220
-1.026915718605155E-16
230
1.0
 40
0.9249634495
 41
1.678688079756467
 42
2.941350676930244
  0
ELLIPSE
  5
239
330
1F
100
AcDbEntity
  8
0
  6
Continuous
 62
     7
370
    25
100
AcDbEllipse
 10
566.4038675016
 20
358.7976630259
 30
0.0
 11
0.0
 21
-6.486742803780317
 31
-4.440892098500626E-16
210
0.0
220
-6.846104790701093E-17
230
1.0
 40
0.9249634495
 41
0.1720152539494176
 42
1.46290457383336
  0
LINE
  5
23A
330
1F
100
AcDbEntity
  8
0
  6
Continuous
 62
     7
370
    25
100
AcDbLine
 10
567.4308767482
 20
352.4066527375
 30
0.0
 11
552.8393543563
 21
349.6659855538
 31
0.0
  0
ELLIPSE
  5
23B
330
1F
100
AcDbEntity
  8
0
  6
Continuous
 62
     7
370
    25
100
AcDbEllipse
 10
553.8663636029
 20
343.2749752653
 30
0.0
 11
0.0
 21
6.486742803780373
 31
4.440892098500626E-16
210
0.0
220
-6.846104790701032E-17
230
1.0
 40
0.9249634495
 41
0.1720152539493584
 42
1.678688079756473
  0
ELLIPSE
  5
23C
330
1F
100
AcDbEntity
  8
0
  6
Continuous
 62
     7
370
    25
100
AcDbEllipse
 10
553.8663636029
 20
341.8779572083
 30
0.0
 11
0.0
 21
6.486742803780373
 31
6.661338147750939E-16
210
0.0
220
-1.026915718605155E-16
230
1.0
 40
0.9249634495
 41
1.462904573833346
 42
2.928991372131062
  0
LINE
  5
23D
330
1F
100
AcDbEntity
  8
0
  6
Continuous
 62
     7
370
    25
100
AcDbLine
 10
552.6003436507
 20
335.5372611908
 30
0.0
 11
610.8631496622
 21
321.940174365
 31
0.0
  0
ELLIPSE
  5
23E
330
1F
100
AcDbEntity
  8
0
  6
Continuous
 62
     7
370
    25
100
AcDbEllipse
 10
609.5971297099
 20
315.5994783475
 30
0.0
 11
0.0
 21
6.486742803780373
 31
6.661338147750939E-16
210
0.0
220
-1.026915718605155E-16
230
1.0
 40
0.9249634495
 41
5.364239784823546
 42
6.070584025720891
  0
LINE
  5
23F
330
1F
100
AcDbEntity
  8
0
  6
Continuous
 62
     7
370
    25
100
AcDbLine
 10
524.3369164426
 20
319.5347177179
 30
0.0
 11
522.5102450668
 21
321.5041097853
 31
0.0
  0
SPLINE
  5
240
330
1F
100
AcDbEntity
  8
0
  6
Continuous
 62
     7
370
    25
100
AcDbSpline
210
0.0
220
0.0
230
1.0
 70
     8
 71
     3
 72
    12
 73
     8
 74
     0
 42
0.00000001
 43
0.00000001
 40
0.0
 40
0.0
 40
0.0
 40
0.0
 40
0.5000000000000002
 40
0.5000000000000002
 40
0.7500000000000001
 40
0.7500000000000001
 40
1.0
 40
1.0
 40
1.0
 40
1.0
 10
522.5102450668448
 20
321.5041097852866
 30
0.0
 10
522.4515972825087
 20
324.4174153767985
 30
0.0
 10
521.996076325644
 20
327.2634499341074
 30
0.0
 10
520.5661218675508
 20
331.4016984395871
 30
0.0
 10
519.9739277736438
 20
332.7307801465626
 30
0.0
 10
518.5618975217163
 20
335.2848376280516
 30
0.0
 10
517.7518351165744
 20
336.492684593333
 30
0.0
 10
516.8466815472257
 20
337.6373047676532
 30
0.0
  0
SPLINE
  5
241
330
1F
100
AcDbEntity
  8
0
  6
Continuous
 62
     7
370
    25
100
AcDbSpline
210
0.0
220
0.0
230
1.0
 70
     8
 71
     3
 72
    10
 73
     6
 74
     0
 42
0.00000001
 43
0.00000001
 40
0.0
 40
0.0
 40
0.0
 40
0.0
 40
0.5
 40
0.5
 40
1.0
 40
1.0
 40
1.0
 40
1.0
 10
516.8466815472257
 20
337.6373047676532
 30
0.0
 10
516.6450131320088
 20
334.8806225061936
 30
0.0
 10
516.2560241045414
 20
332.1503369494443
 30
0.0
 10
515.0826582223284
 20
326.7479797200334
 30
0.0
 10
514.3008395683231
 20
324.0927579905645
 30
0.0
 10
513.331211197032
 20
321.5041097852866
 30
0.0
  0
SPLINE
  5
242
330
1F
100
AcDbEntity
  8
0
  6
Continuous
 62
     7
370
    25
100
AcDbSpline
210
0.0
220
0.0
230
1.0
 70
     8
 71
     3
 72
     8
 73
     4
 74
     0
 42
0.00000001
 43
0.00000001
 40
0.0
 40
0.0
 40
0.0
 40
0.0
 40
1.0
 40
1.0
 40
1.0
 40
1.0
 10
513.331211197032
 20
321.5041097852866
 30
0.0
 10
510.9590649506993
 20
324.8777203416834
 30
0.0
 10
508.4303362148434
 20
328.1396264476051
 30
0.0
 10
505.7511050720232
 20
331.2749332230619
 30
0.0
  0
LINE
  5
243
330
1F
100
AcDbEntity
  8
0
  6
Continuous
 62
     7
370
    25
100
AcDbLine
 10
505.751105072
 20
331.2749332231
 30
0.0
 11
505.4539657191
 21
320.7387900684
 31
0.0
  0
SPLINE
  5
244
330
1F
100
AcDbEntity
  8
0
  6
Continuous
 62
     7
370
    25
100
AcDbSpline
210
0.0
220
0.0
230
1.0
 70
     8
 71
     3
 72
     8
 73
     4
 74
     0
 42
0.00000001
 43
0.00000001
 40
0.0
 40
0.0
 40
0.0
 40
0.0
 40
1.0
 40
1.0
 40
1.0
 40
1.0
 10
505.453965719084
 20
320.7387900684272
 30
0.0
 10
505.3832949219994
 20
320.3327346848669
 30
0.0
 10
505.2925372820841
 20
319.9312495574015
 30
0.0
 10
505.1800093266033
 20
319.534717717928
 30
0.0
  0
SPLINE
  5
245
330
1F
100
AcDbEntity
  8
0
  6
Continuous
 62
     7
370
    25
100
AcDbSpline
210
0.0
220
0.0
230
1.0
 70
     8
 71
     3
 72
    12
 73
     8
 74
     0
 42
0.00000001
 43
0.00000001
 40
0.0
 40
0.0
 40
0.0
 40
0.0
 40
0.4999999999999994
 40
0.4999999999999994
 40
0.7499999999999988
 40
0.7499999999999988
 40
1.0
 40
1.0
 40
1.0
 40
1.0
 10
481.1696923222641
 20
319.5347177179278
 30
0.0
 10
480.2072367679298
 20
320.3563216474905
 30
0.0
 10
479.2639428385562
 20
321.1993872638566
 30
0.0
 10
477.8581364420816
 20
322.4742166435935
 30
0.0
 10
477.3910397531757
 20
322.9008459190064
 30
0.0
 10
476.4540654130975
 20
323.7509896953127
 30
0.0
 10
475.9845043005345
 20
324.1748587304647
 30
0.0
 10
475.5073501428905
 20
324.5902232908788
 30
0.0
  0
LINE
  5
246
330
1F
100
AcDbEntity
  8
0
  6
Continuous
 62
     7
370
    25
100
AcDbLine
 10
475.5073501429
 20
324.5902232909
 30
0.0
 11
466.328744589
 21
334.5736343399
 31
0.0
  0
SPLINE
  5
247
330
1F
100
AcDbEntity
  8
0
  6
Continuous
 62
     7
370
    25
100
AcDbSpline
210
0.0
220
0.0
230
1.0
 70
     8
 71
     3
 72
    30
 73
    26
 74
     0
 42
0.00000001
 43
0.00000001
 40
0.0
 40
0.0
 40
0.0
 40
0.0
 40
0.1250000000000001
 40
0.1250000000000001
 40
0.1875000000000006
 40
0.1875000000000006
 40
0.2500000000000011
 40
0.2500000000000011
 40
0.3750000000000019
 40
0.3750000000000019
 40
0.4375000000000022
 40
0.4375000000000022
 40
0.5000000000000024
 40
0.5000000000000024
 40
0.6250000000000024
 40
0.6250000000000024
 40
0.7500000000000024
 40
0.7500000000000024
 40
0.8125000000000019
 40
0.8125000000000019
 40
0.8750000000000012
 40
0.8750000000000012
 40
0.9375000000000006
 40
0.9375000000000006
 40
1.0
 40
1.0
 40
1.0
 40
1.0
 10
466.328744588977
 20
334.5736343399174
 30
0.0
 10
465.4396553388389
 20
335.593398710206
 30
0.0
 10
464.6488915811254
 20
336.6767492454741
 30
0.0
 10
463.6012152541973
 20
338.3913218398583
 30
0.0
 10
463.275124522302
 20
338.9778070361657
 30
0.0
 10
462.6683671111359
 20
340.1801527335259
 30
0.0
 10
462.3875238321471
 20
340.7969919916475
 30
0.0
 10
461.6228016065097
 20
342.662765903849
 30
0.0
 10
461.2115130729088
 20
343.9355831757065
 30
0.0
 10
460.7261384161171
 20
345.8834888731064
 30
0.0
 10
460.5863674431371
 20
346.5392651063289
 30
0.0
 10
460.3491554572118
 20
347.8632631265309
 30
0.0
 10
460.2516728275962
 20
348.5329069409468
 30
0.0
 10
460.0232025516643
 20
350.534460698883
 30
0.0
 10
459.9540851734815
 20
351.866609709309
 30
0.0
 10
459.9620800818498
 20
354.5270054640236
 30
0.0
 10
460.0393080221167
 20
355.8552491219918
 30
0.0
 10
460.2572576633862
 20
357.8448897750929
 30
0.0
 10
460.3463846804224
 20
358.5076636193654
 30
0.0
 10
460.5759787164041
 20
359.8318412551836
 30
0.0
 10
460.7172966330574
 20
360.4957116461577
 30
0.0
 10
461.0680765620304
 20
361.7917758127039
 30
0.0
 10
461.277702493615
 20
362.4266821316747
 30
0.0
 10
461.7905798166775
 20
363.6605996037008
 30
0.0
 10
462.0935624052563
 20
364.2597138133895
 30
0.0
 10
462.4616785354046
 20
364.8338564044181
 30
0.0
  0
SPLINE
  5
248
330
1F
100
AcDbEntity
  8
0
  6
Continuous
 62
     7
370
    25
100
AcDbSpline
210
0.0
220
0.0
230
1.0
 70
     8
 71
     3
 72
     8
 73
     4
 74
     0
 42
0.00000001
 43
0.00000001
 40
0.0
 40
0.0
 40
0.0
 40
0.0
 40
1.0
 40
1.0
 40
1.0
 40
1.0
 10
493.5630393465097
 20
364.833856404418
 30
0.0
 10
493.7273996109977
 20
364.3224530170802
 30
0.0
 10
493.8809898337176
 20
363.8078330208477
 30
0.0
 10
494.0241061967448
 20
363.2900848742358
 30
0.0
  0
SPLINE
  5
249
330
1F
100
AcDbEntity
  8
0
  6
Continuous
 62
     7
370
    25
100
AcDbSpline
210
0.0
220
0.0
230
1.0
 70
     8
 71
     3
 72
     8
 73
     4
 74
     0
 42
0.00000001
 43
0.00000001
 40
0.0
 40
0.0
 40
0.0
 40
0.0
 40
1.0
 40
1.0
 40
1.0
 40
1.0
 10
494.0241061967448
 20
363.2900848742358
 30
0.0
 10
494.1908580458052
 20
363.8001411213807
 30
0.0
 10
494.3421082700693
 20
364.314756173701
 30
0.0
 10
494.4781072278317
 20
364.8338564044181
 30
0.0
  0
LINE
  5
24A
330
1F
100
AcDbEntity
  8
0
  6
Continuous
 62
     7
370
    25
100
AcDbLine
 10
572.1919810665
 20
227.0592261146
 30
0.0
 11
570.3049011517
 21
227.0592261146
 31
0.0
  0
LINE
  5
24B
330
1F
100
AcDbEntity
  8
0
  6
Continuous
 62
     7
370
    25
100
AcDbLine
 10
570.3049011517
 20
227.0592261146
 30
0.0
 11
569.6140163696
 21
227.0592261146
 31
0.0
  0
LINE
  5
24C
330
1F
100
AcDbEntity
  8
0
  6
Continuous
 62
     7
370
    25
100
AcDbLine
 10
569.6140163696
 20
227.0592261146
 30
0.0
 11
568.4348379662
 21
227.0592261146
 31
0.0
  0
LINE
  5
24D
330
1F
100
AcDbEntity
  8
0
  6
Continuous
 62
     7
370
    25
100
AcDbLine
 10
562.7584767967
 20
227.0592261146
 30
0.0
 11
561.7270682978
 21
227.0592261146
 31
0.0
  0
LINE
  5
24E
330
1F
100
AcDbEntity
  8
0
  6
Continuous
 62
     7
370
    25
100
AcDbLine
 10
561.7270682978
 20
227.0592261146
 30
0.0
 11
557.1896957438
 21
227.0592261146
 31
0.0
  0
LINE
  5
24F
330
1F
100
AcDbEntity
  8
0
  6
Continuous
 62
     7
370
    25
100
AcDbLine
 10
557.1896957438
 20
227.0592261146
 30
0.0
 11
554.9251998461
 21
227.0592261146
 31
0.0
  0
LINE
  5
250
330
1F
100
AcDbEntity
  8
0
  6
Continuous
 62
     7
370
    25
100
AcDbLine
 10
534.113996833
 20
228.0091514744
 30
0.0
 11
557.4411496812
 21
228.0091514744
 31
0.0
  0
LINE
  5
251
330
1F
100
AcDbEntity
  8
0
  6
Continuous
 62
     7
370
    25
100
AcDbLine
 10
557.4411496812
 20
228.0091514744
 30
0.0
 11
561.7543718903
 21
228.0091514744
 31
0.0
  0
LINE
  5
252
330
1F
100
AcDbEntity
  8
0
  6
Continuous
 62
     7
370
    25
100
AcDbLine
 10
561.7543718903
 20
228.0091514744
 30
0.0
 11
567.452455899
 21
228.0091514744
 31
0.0
  0
LINE
  5
253
330
1F
100
AcDbEntity
  8
0
  6
Continuous
 62
     7
370
    25
100
AcDbLine
 10
567.452455899
 20
228.0091514744
 30
0.0
 11
568.6316343024
 21
228.0091514744
 31
0.0
  0
LINE
  5
254
330
1F
100
AcDbEntity
  8
0
  6
Continuous
 62
     7
370
    25
100
AcDbLine
 10
568.6316343024
 20
228.0091514744
 30
0.0
 11
572.8208509868
 21
228.0091514744
 31
0.0
  0
LINE
  5
255
330
1F
100
AcDbEntity
  8
0
  6
Continuous
 62
     7
370
    25
100
AcDbLine
 10
572.8208509868
 20
228.0091514744
 30
0.0
 11
574.7079309016
 21
228.0091514744
 31
0.0
  0
LINE
  5
256
330
1F
100
AcDbEntity
  8
0
  6
Continuous
 62
     7
370
    25
100
AcDbLine
 10
574.7079309016
 20
228.0091514744
 30
0.0
 11
601.100234931
 21
228.0091514744
 31
0.0
  0
LINE
  5
257
330
1F
100
AcDbEntity
  8
0
  6
Continuous
 62
     7
370
    25
100
AcDbLine
 10
600.7365927054
 20
227.0592261146
 30
0.0
 11
601.100234931
 21
228.0091514744
 31
0.0
  0
LINE
  5
258
330
1F
100
AcDbEntity
  8
0
  6
Continuous
 62
     7
370
    25
100
AcDbLine
 10
534.113996833
 20
228.0091514744
 30
0.0
 11
528.9249445375
 21
227.0592261146
 31
0.0
  0
ELLIPSE
  5
259
330
1F
100
AcDbEntity
  8
0
  6
Continuous
 62
     7
370
    25
100
AcDbEllipse
 10
615.7308430822
 20
264.5288948542
 30
0.0
 11
0.0
 21
-2.424151997520596
 31
0.0
210
1.980549960823205E-16
220
0.0
230
1.0
 40
0.9249634495
 41
3.70009801422795
 42
6.841690667817754
  0
LINE
  5
25A
330
1F
100
AcDbEntity
  8
0
  6
Continuous
 62
     7
370
    25
100
AcDbLine
 10
616.919055609
 20
262.4730973679
 30
0.0
 11
617.3701495983
 21
262.6624711918
 31
0.0
  0
LINE
  5
25B
330
1F
100
AcDbEntity
  8
0
  6
Continuous
 62
     7
370
    25
100
AcDbLine
 10
617.3701495983
 20
262.6624711918
 30
0.0
 11
623.3930218731
 21
265.190933952
 31
0.0
  0
ELLIPSE
  5
25C
330
1F
100
AcDbEntity
  8
0
  6
Continuous
 62
     7
370
    25
100
AcDbEllipse
 10
623.9889013889
 20
264.1599671989
 30
0.0
 11
0.0
 21
-1.215693729836914
 31
0.0
210
0.0
220
0.0
230
1.0
 40
0.9249634495
 41
0.5585053606383262
 42
3.700098014227987
  0
LINE
  5
25D
330
1F
100
AcDbEntity
  8
0
  6
Continuous
 62
     7
370
    25
100
AcDbLine
 10
624.5847809047
 20
263.1290004458
 30
0.0
 11
617.2820697584
 21
258.1955726618
 31
0.0
  0
LINE
  5
25E
330
1F
100
AcDbEntity
  8
0
  6
Continuous
 62
     7
370
    25
100
AcDbLine
 10
617.2820697584
 20
258.1955726618
 30
0.0
 11
617.8744027694
 21
257.1707419286
 31
0.0
  0
LINE
  5
25F
330
1F
100
AcDbEntity
  8
0
  6
Continuous
 62
     7
370
    25
100
AcDbLine
 10
617.8744027694
 20
257.1707419286
 30
0.0
 11
625.1771139157
 21
262.1041697126
 31
0.0
  0
ELLIPSE
  5
260
330
1F
100
AcDbEntity
  8
0
  6
Continuous
 62
     7
370
    25
100
AcDbEllipse
 10
623.9889013889
 20
264.1599671989
 30
0.0
 11
0.0
 21
-2.424151997520369
 31
0.0
210
1.980549960823406E-16
220
0.0
230
1.0
 40
0.9249634495
 41
0.558505360638178
 42
3.700098014227967
  0
LINE
  5
261
330
1F
100
AcDbEntity
  8
0
  6
Continuous
 62
     7
370
    25
100
AcDbLine
 10
622.8006888621
 20
266.2157646852
 30
0.0
 11
622.3495948727
 21
266.0263908613
 31
0.0
  0
LINE
  5
262
330
1F
100
AcDbEntity
  8
0
  6
Continuous
 62
     7
370
    25
100
AcDbLine
 10
622.3495948727
 20
266.0263908613
 30
0.0
 11
616.326722598
 21
263.4979281011
 31
0.0
  0
ELLIPSE
  5
263
330
1F
100
AcDbEntity
  8
0
  6
Continuous
 62
     7
370
    25
100
AcDbEllipse
 10
615.7308430822
 20
264.5288948542
 30
0.0
 11
0.0
 21
-1.215693729836858
 31
0.0
210
0.0
220
0.0
230
1.0
 40
0.9249634495
 41
3.700098014227896
 42
6.841690667817674
  0
LINE
  5
264
330
1F
100
AcDbEntity
  8
0
  6
Continuous
 62
     7
370
    25
100
AcDbLine
 10
615.1349635664
 20
265.5598616073
 30
0.0
 11
622.4376747127
 21
270.4932893913
 31
0.0
  0
LINE
  5
265
330
1F
100
AcDbEntity
  8
0
  6
Continuous
 62
     7
370
    25
100
AcDbLine
 10
622.4376747127
 20
270.4932893913
 30
0.0
 11
621.8453417017
 21
271.5181201245
 31
0.0
  0
LINE
  5
266
330
1F
100
AcDbEntity
  8
0
  6
Continuous
 62
     7
370
    25
100
AcDbLine
 10
621.8453417017
 20
271.5181201245
 30
0.0
 11
614.5426305554
 21
266.5846923405
 31
0.0
  0
LINE
  5
267
330
1F
100
AcDbEntity
  8
0
  6
Continuous
 62
     7
370
    25
100
AcDbLine
 10
597.2706592478
 20
243.251653701
 30
0.0
 11
598.551211195
 21
244.1167448198
 31
0.0
  0
LINE
  5
268
330
1F
100
AcDbEntity
  8
0
  6
Continuous
 62
     7
370
    25
100
AcDbLine
 10
598.551211195
 20
244.1167448198
 30
0.0
 11
598.9699138553
 21
254.4385876633
 31
0.0
  0
LINE
  5
269
330
1F
100
AcDbEntity
  8
0
  6
Continuous
 62
     7
370
    25
100
AcDbLine
 10
598.9699138553
 20
254.4385876633
 30
0.0
 11
607.7345420117
 21
250.3206461509
 31
0.0
  0
LINE
  5
26A
330
1F
100
AcDbEntity
  8
0
  6
Continuous
 62
     7
370
    25
100
AcDbLine
 10
607.7345420117
 20
250.3206461509
 30
0.0
 11
609.015093959
 21
251.1857372697
 31
0.0
  0
LINE
  5
26B
330
1F
100
AcDbEntity
  8
0
  6
Continuous
 62
     7
370
    25
100
AcDbLine
 10
609.015093959
 20
251.1857372697
 30
0.0
 11
599.1194363916
 21
256.1653818841
 31
0.0
  0
LINE
  5
26C
330
1F
100
AcDbEntity
  8
0
  6
Continuous
 62
     7
370
    25
100
AcDbLine
 10
599.1194363916
 20
256.1653818841
 30
0.0
 11
597.4687942797
 21
255.050272236
 31
0.0
  0
LINE
  5
26D
330
1F
100
AcDbEntity
  8
0
  6
Continuous
 62
     7
370
    25
100
AcDbLine
 10
597.4687942797
 20
255.050272236
 30
0.0
 11
597.2706592478
 21
243.251653701
 31
0.0
  0
LINE
  5
26E
330
1F
100
AcDbEntity
  8
0
  6
Continuous
 62
     7
370
    25
100
AcDbLine
 10
577.0795386703
 20
229.6113174954
 30
0.0
 11
577.3764617123
 21
229.9201018883
 31
0.0
  0
ELLIPSE
  5
26F
330
1F
100
AcDbEntity
  8
0
  6
Continuous
 62
     7
370
    25
100
AcDbEllipse
 10
573.3195216931
 20
232.9035792871
 30
0.0
 11
0.0
 21
-5.304583932655191
 31
0.0
210
2.262738324377777E-16
220
0.0
230
1.0
 40
0.9249634495
 41
0.9734699531347857
 42
3.285133421731334
  0
LINE
  5
270
330
1F
100
AcDbEntity
  8
0
  6
Continuous
 62
     7
370
    25
100
AcDbLine
 10
572.617648309
 20
238.1536092885
 30
0.0
 11
572.2307774026
 21
238.00044907
 31
0.0
  0
LINE
  5
271
330
1F
100
AcDbEntity
  8
0
  6
Continuous
 62
     7
370
    25
100
AcDbLine
 10
572.2307774026
 20
238.00044907
 30
0.0
 11
564.6411366839
 21
232.8731828201
 31
0.0
  0
LINE
  5
272
330
1F
100
AcDbEntity
  8
0
  6
Continuous
 62
     7
370
    25
100
AcDbLine
 10
564.6411366839
 20
232.8731828201
 30
0.0
 11
567.452455899
 21
228.0091514744
 31
0.0
  0
ELLIPSE
  5
273
330
1F
100
AcDbEntity
  8
0
  6
Continuous
 62
     7
370
    25
100
AcDbEllipse
 10
559.6310767409
 20
225.3465115325
 30
0.0
 11
0.0
 21
-3.515562252068946
 31
0.0
210
2.048528997414261E-16
220
0.0
230
1.0
 40
0.9249634495
 41
2.430097836926012
 42
3.659561079064985
  0
LINE
  5
274
330
1F
100
AcDbEntity
  8
0
  6
Continuous
 62
     7
370
    25
100
AcDbLine
 10
558.0210748333
 20
228.4009263648
 30
0.0
 11
557.4411496812
 21
228.0091514744
 31
0.0
  0
LINE
  5
275
330
1F
100
AcDbEntity
  8
0
  6
Continuous
 62
     7
370
    25
100
AcDbLine
 10
535.5047962896
 20
228.4647088632
 30
0.0
 11
534.113996833
 21
228.0091514745
 31
0.0
  0
ELLIPSE
  5
276
330
1F
100
AcDbEntity
  8
0
  6
Continuous
 62
     7
370
    25
100
AcDbEllipse
 10
531.5598316323
 20
242.5418800131
 30
0.0
 11
0.0
 21
14.70907650057134
 31
0.0
210
0.0
220
0.0
230
1.0
 40
0.9249634495
 41
3.435774240350846
 42
3.718545346926465
  0
LINE
  5
277
330
1F
100
AcDbEntity
  8
0
  6
Continuous
 62
     7
370
    25
100
AcDbLine
 10
600.2281276712
 20
273.3082901609
 30
0.0
 11
538.9811795069
 21
230.2137799561
 31
0.0
  0
LINE
  5
278
330
1F
100
AcDbEntity
  8
0
  6
Continuous
 62
     7
370
    25
100
AcDbLine
 10
650.0685210046
 20
273.3082901609
 30
0.0
 11
600.2281276712
 21
273.3082901609
 31
0.0
  0
ELLIPSE
  5
279
330
1F
100
AcDbEntity
  8
0
  6
Continuous
 62
     7
370
    25
100
AcDbEllipse
 10
217.7218852976
 20
765.9936561762
 30
0.0
 11
-2.842170943040401E-14
 21
679.1322027144306
 31
0.0
210
0.0
220
0.0
230
1.0
 40
0.9249634495
 41
3.798041329246225
 42
3.900681941680753
  0
LINE
  5
27A
330
1F
100
AcDbEntity
  8
0
  6
Continuous
 62
     7
370
    25
100
AcDbLine
 10
574.7079309016
 20
228.0091514744
 30
0.0
 11
577.0795386703
 21
229.6113174954
 31
0.0
  0
LINE
  5
27B
330
1F
100
AcDbEntity
  8
0
  6
Continuous
 62
     7
370
    25
100
AcDbLine
 10
585.1512171829
 20
235.0642297413
 30
0.0
 11
583.7459722247
 21
237.4955280044
 31
0.0
  0
LINE
  5
27C
330
1F
100
AcDbEntity
  8
0
  6
Continuous
 62
     7
370
    25
100
AcDbLine
 10
583.7459722247
 20
237.4955280044
 30
0.0
 11
589.7284219892
 21
241.5370385193
 31
0.0
  0
LINE
  5
27D
330
1F
100
AcDbEntity
  8
0
  6
Continuous
 62
     7
370
    25
100
AcDbLine
 10
589.7284219892
 20
241.5370385193
 30
0.0
 11
592.8877057346
 21
240.290700679
 31
0.0
  0
LINE
  5
27E
330
1F
100
AcDbEntity
  8
0
  6
Continuous
 62
     7
370
    25
100
AcDbLine
 10
592.8877057346
 20
240.290700679
 30
0.0
 11
593.8629610452
 21
240.9495452573
 31
0.0
  0
LINE
  5
27F
330
1F
100
AcDbEntity
  8
0
  6
Continuous
 62
     7
370
    25
100
AcDbLine
 10
593.8629610452
 20
240.9495452573
 30
0.0
 11
590.6278868645
 21
242.2257824341
 31
0.0
  0
ELLIPSE
  5
280
330
1F
100
AcDbEntity
  8
0
  6
Continuous
 62
     7
370
    25
100
AcDbEllipse
 10
588.3897875794
 20
244.7747786847
 30
0.0
 11
0.0
 21
-3.514562282934122
 31
0.0
210
2.049111848308559E-16
220
0.0
230
1.0
 40
0.9249634495
 41
0.7593741082508664
 42
3.667317860909941
  0
LINE
  5
281
330
1F
100
AcDbEntity
  8
0
  6
Continuous
 62
     7
370
    25
100
AcDbLine
 10
586.7583838648
 20
247.8147352879
 30
0.0
 11
579.3272006046
 21
242.7945167376
 31
0.0
  0
LINE
  5
282
330
1F
100
AcDbEntity
  8
0
  6
Continuous
 62
     7
370
    25
100
AcDbLine
 10
579.3272006046
 20
242.7945167376
 30
0.0
 11
584.1759618723
 21
234.405385163
 31
0.0
  0
LINE
  5
283
330
1F
100
AcDbEntity
  8
0
  6
Continuous
 62
     7
370
    25
100
AcDbLine
 10
584.1759618723
 20
234.405385163
 30
0.0
 11
585.1512171829
 21
235.0642297413
 31
0.0
  0
LINE
  5
284
330
1F
100
AcDbEntity
  8
0
  6
Continuous
 62
     7
370
    25
100
AcDbLine
 10
612.5279972543
 20
253.5589181847
 30
0.0
 11
613.4759282245
 21
254.1993035007
 31
0.0
  0
LINE
  5
285
330
1F
100
AcDbEntity
  8
0
  6
Continuous
 62
     7
370
    25
100
AcDbLine
 10
613.4759282245
 20
254.1993035007
 30
0.0
 11
608.6271669567
 21
262.5884350754
 31
0.0
  0
LINE
  5
286
330
1F
100
AcDbEntity
  8
0
  6
Continuous
 62
     7
370
    25
100
AcDbLine
 10
608.6271669567
 20
262.5884350754
 30
0.0
 11
607.6792359866
 21
261.9480497593
 31
0.0
  0
LINE
  5
287
330
1F
100
AcDbEntity
  8
0
  6
Continuous
 62
     7
370
    25
100
AcDbLine
 10
607.6792359866
 20
261.9480497593
 30
0.0
 11
612.5279972543
 21
253.5589181847
 31
0.0
  0
LINE
  5
288
330
1F
100
AcDbEntity
  8
0
  6
Continuous
 62
     7
370
    25
100
AcDbLine
 10
650.0685210046
 20
273.3082901609
 30
0.0
 11
651.7196275686
 21
274.2582155208
 31
0.0
  0
LINE
  5
289
330
1F
100
AcDbEntity
  8
0
  6
Continuous
 62
     7
370
    25
100
AcDbLine
 10
600.6582750902
 20
274.2582155208
 30
0.0
 11
600.2281276712
 21
273.3082901609
 31
0.0
  0
SPLINE
  5
28A
330
1F
100
AcDbEntity
  8
0
  6
Continuous
 62
     7
370
    25
100
AcDbSpline
210
0.0
220
0.0
230
1.0
 70
     8
 71
     3
 72
     8
 73
     4
 74
     0
 42
0.00000001
 43
0.00000001
 40
0.0
 40
0.0
 40
0.0
 40
0.0
 40
1.0
 40
1.0
 40
1.0
 40
1.0
 10
326.5491037697723
 20
228.0091514744497
 30
0.0
 10
325.4733242964301
 20
243.1009930263307
 30
0.0
 10
325.380162723624
 20
258.2009695855103
 30
0.0
 10
326.1740761790546
 20
273.3082901609398
 30
0.0
  0
LINE
  5
28B
330
1F
100
AcDbEntity
  8
0
  6
Continuous
 62
     7
370
    25
100
AcDbLine
 10
329.5852124538
 20
306.4928903929
 30
0.0
 11
315.6011043323
 21
318.5847923581
 31
0.0
  0
SPLINE
  5
28C
330
1F
100
AcDbEntity
  8
0
  6
Continuous
 62
     7
370
    25
100
AcDbSpline
210
0.0
220
0.0
230
1.0
 70
     8
 71
     3
 72
     8
 73
     4
 74
     0
 42
0.00000001
 43
0.00000001
 40
0.0
 40
0.0
 40
0.0
 40
0.0
 40
0.212170191378211
 40
0.212170191378211
 40
0.212170191378211
 40
0.212170191378211
 10
329.5852124537843
 20
306.4928903929398
 30
0.0
 10
327.9636352867958
 20
295.811282488974
 30
0.0
 10
326.8126958553361
 20
285.0550376774827
 30
0.0
 10
326.1901004141933
 20
274.2582155208128
 30
0.0
  0
SPLINE
  5
28D
330
1F
100
AcDbEntity
  8
0
  6
Continuous
 62
     7
370
    25
100
AcDbSpline
210
0.0
220
0.0
230
1.0
 70
     8
 71
     3
 72
     8
 73
     4
 74
     0
 42
0.00000001
 43
0.00000001
 40
0.0
 40
0.0
 40
0.0
 40
0.0
 40
1.0
 40
1.0
 40
1.0
 40
1.0
 10
329.691163978899
 20
273.3082901609398
 30
0.0
 10
328.6146169986457
 20
258.2172391631748
 30
0.0
 10
328.4373918595352
 20
243.1178741676269
 30
0.0
 10
329.2723851598248
 20
228.0091514744497
 30
0.0
  0
SPLINE
  5
28E
330
1F
100
AcDbEntity
  8
0
  6
Continuous
 62
     7
370
    25
100
AcDbSpline
210
0.0
220
0.0
230
1.0
 70
     8
 71
     3
 72
     8
 73
     4
 74
     0
 42
0.00000001
 43
0.00000001
 40
0.0
 40
0.0
 40
0.0
 40
0.0
 40
0.1096354034200979
 40
0.1096354034200979
 40
0.1096354034200979
 40
0.1096354034200979
 10
327.4709692674063
 20
316.6852194199269
 30
0.0
 10
326.9841443393771
 20
317.3112217400501
 30
0.0
 10
326.5105245231647
 20
317.9444127194345
 30
0.0
 10
326.0501098187692
 20
318.5847923580798
 30
0.0
  0
LINE
  5
28F
330
1F
100
AcDbEntity
  8
0
  6
Continuous
 62
     7
370
    25
100
AcDbLine
 10
327.4709692674
 20
316.6852194199
 30
0.0
 11
329.5852124538
 21
314.5709761459
 31
0.0
  0
SPLINE
  5
290
330
1F
100
AcDbEntity
  8
0
  6
Continuous
 62
     7
370
    25
100
AcDbSpline
210
0.0
220
0.0
230
1.0
 70
     8
 71
     3
 72
     8
 73
     4
 74
     0
 42
0.00000001
 43
0.00000001
 40
0.0
 40
0.0
 40
0.0
 40
0.0
 40
1.0
 40
1.0
 40
1.0
 40
1.0
 10
355.8812267313933
 20
303.2174492368014
 30
0.0
 10
346.8063951823701
 20
305.9686167512262
 30
0.0
 10
336.819321809346
 20
307.9566758565837
 30
0.0
 10
329.5852124537848
 20
314.5709761459477
 30
0.0
  0
SPLINE
  5
291
330
1F
100
AcDbEntity
  8
0
  6
Continuous
 62
     7
370
    25
100
AcDbSpline
210
0.0
220
0.0
230
1.0
 70
     8
 71
     3
 72
     8
 73
     4
 74
     0
 42
0.00000001
 43
0.00000001
 40
0.0
 40
0.0
 40
0.0
 40
0.0
 40
1.0
 40
1.0
 40
1.0
 40
1.0
 10
333.793161353601
 20
306.4928903929391
 30
0.0
 10
340.9290645847267
 20
303.9053743392054
 30
0.0
 10
348.2917530439909
 20
302.8135606204929
 30
0.0
 10
355.8812267313933
 20
303.2174492368014
 30
0.0
  0
SPLINE
  5
292
330
1F
100
AcDbEntity
  8
0
  6
Continuous
 62
     7
370
    25
100
AcDbSpline
210
0.0
220
0.0
230
1.0
 70
     8
 71
     3
 72
     8
 73
     4
 74
     0
 42
0.00000001
 43
0.00000001
 40
0.7842122971846593
 40
0.7842122971846593
 40
0.7842122971846593
 40
0.7842122971846593
 40
1.0
 40
1.0
 40
1.0
 40
1.0
 10
329.7128756921127
 20
274.2582155207872
 30
0.0
 10
330.5553878857379
 20
285.0613484349493
 30
0.0
 10
331.9347263990147
 20
295.8233968660329
 30
0.0
 10
333.793161353601
 20
306.4928903929391
 30
0.0
  0
LINE
  5
293
330
1F
100
AcDbEntity
  8
0
  6
Continuous
 62
     7
370
    25
100
AcDbLine
 10
356.2642883226
 20
237.7235633751
 30
0.0
 11
448.0841364865
 21
237.7235633751
 31
0.0
  0
LINE
  5
294
330
1F
100
AcDbEntity
  8
0
  6
Continuous
 62
     7
370
    25
100
AcDbLine
 10
356.2642883226
 20
236.3265453181
 30
0.0
 11
356.2642883226
 21
237.7235633751
 31
0.0
  0
LINE
  5
295
330
1F
100
AcDbEntity
  8
0
  6
Continuous
 62
     7
370
    25
100
AcDbLine
 10
356.2642883226
 20
228.0091514744
 30
0.0
 11
356.2642883226
 21
236.3265453181
 31
0.0
  0
ELLIPSE
  5
296
330
1F
100
AcDbEntity
  8
0
  6
Continuous
 62
     7
370
    25
100
AcDbEllipse
 10
400.0892883226
 20
270.0174683296
 30
0.0
 11
0.0
 21
1.891966651102564
 31
0.0
210
0.0
220
0.0
230
1.0
 40
0.9249634495
 41
0.4980977114431892
 42
4.9175821402239
  0
ELLIPSE
  5
297
330
1F
100
AcDbEntity
  8
0
  6
Continuous
 62
     7
370
    25
100
AcDbEllipse
 10
409.6938224538
 20
266.2381140864
 30
0.0
 11
0.0
 21
1.891966651102905
 31
0.0
210
0.0
220
0.0
230
1.0
 40
0.9249634495
 41
1.034540026393627
 42
4.38113982527338
  0
ELLIPSE
  5
298
330
1F
100
AcDbEntity
  8
0
  6
Continuous
 62
     7
370
    25
100
AcDbEllipse
 10
346.3042883226
 20
241.299714801
 30
0.0
 11
0.0
 21
2.162247601260134
 31
0.0
210
0.0
220
0.0
230
1.0
 40
0.9249634495
 41
0.0
 42
6.283185307179586
  0
ELLIPSE
  5
299
330
1F
100
AcDbEntity
  8
0
  6
Continuous
 62
     7
370
    25
100
AcDbEllipse
 10
395.3042883226
 20
247.6026665586
 30
0.0
 11
0.0
 21
2.162247601260134
 31
0.0
210
0.0
220
0.0
230
1.0
 40
0.9249634495
 41
0.0
 42
6.283185307179586
  0
CIRCLE
  5
29A
330
1F
100
AcDbEntity
  8
0
  6
Continuous
 62
     7
370
    25
100
AcDbCircle
 10
437.3489762836
 20
315.3387432925
 30
0.0
 40
1.750000000000568
  0
CIRCLE
  5
29B
330
1F
100
AcDbEntity
  8
0
  6
Continuous
 62
     7
370
    25
100
AcDbCircle
 10
392.2596003616
 20
315.3387432925
 30
0.0
 40
1.75
  0
CIRCLE
  5
29C
330
1F
100
AcDbEntity
  8
0
  6
Continuous
 62
     7
370
    25
100
AcDbCircle
 10
387.1491344928
 20
306.4871567575
 30
0.0
 40
1.75
  0
CIRCLE
  5
29D
330
1F
100
AcDbEntity
  8
0
  6
Continuous
 62
     7
370
    25
100
AcDbCircle
 10
387.1491344928
 20
286.3558511214
 30
0.0
 40
1.750000000000057
  0
CIRCLE
  5
29E
330
1F
100
AcDbEntity
  8
0
  6
Continuous
 62
     7
370
    25
100
AcDbCircle
 10
385.3742883226
 20
296.4215039394
 30
0.0
 40
1.749999999999943
  0
CIRCLE
  5
29F
330
1F
100
AcDbEntity
  8
0
  6
Continuous
 62
     7
370
    25
100
AcDbCircle
 10
414.8042883226
 20
296.4215039394
 30
0.0
 40
17.5
  0
CIRCLE
  5
2A0
330
1F
100
AcDbEntity
  8
0
  6
Continuous
 62
     7
370
    25
100
AcDbCircle
 10
437.3489762836
 20
277.5042645864
 30
0.0
 40
1.749999999999943
  0
CIRCLE
  5
2A1
330
1F
100
AcDbEntity
  8
0
  6
Continuous
 62
     7
370
    25
100
AcDbCircle
 10
442.4594421523
 20
286.3558511214
 30
0.0
 40
1.75
  0
CIRCLE
  5
2A2
330
1F
100
AcDbEntity
  8
0
  6
Continuous
 62
     7
370
    25
100
AcDbCircle
 10
444.2342883226
 20
296.4215039394
 30
0.0
 40
1.75
  0
CIRCLE
  5
2A3
330
1F
100
AcDbEntity
  8
0
  6
Continuous
 62
     7
370
    25
100
AcDbCircle
 10
442.4594421523
 20
306.4871567575
 30
0.0
 40
1.749999999999886
  0
CIRCLE
  5
2A4
330
1F
100
AcDbEntity
  8
0
  6
Continuous
 62
     7
370
    25
100
AcDbCircle
 10
463.8042883226
 20
286.4215039394
 30
0.0
 40
2.0
  0
CIRCLE
  5
2A5
330
1F
100
AcDbEntity
  8
0
  6
Continuous
 62
     7
370
    25
100
AcDbCircle
 10
359.8042883226
 20
312.4215039394
 30
0.0
 40
2.0
  0
SPLINE
  5
2A6
330
1F
100
AcDbEntity
  8
0
  6
Continuous
 62
     7
370
    25
100
AcDbSpline
210
0.0
220
0.0
230
1.0
 70
     8
 71
     3
 72
     8
 73
     4
 74
     0
 42
0.00000001
 43
0.00000001
 40
0.0
 40
0.0
 40
0.0
 40
0.0
 40
0.7333007737905712
 40
0.7333007737905712
 40
0.7333007737905712
 40
0.7333007737905712
 10
503.1208226444443
 20
315.2131728677501
 30
0.0
 10
504.0133772394616
 20
316.224523211555
 30
0.0
 10
504.6696212204642
 20
317.3483963749956
 30
0.0
 10
505.0895545874523
 20
318.5847923580718
 30
0.0
  0
SPLINE
  5
2A7
330
1F
100
AcDbEntity
  8
0
  6
Continuous
 62
     7
370
    25
100
AcDbSpline
210
0.0
220
0.0
230
1.0
 70
     8
 71
     3
 72
     8
 73
     4
 74
     0
 42
0.00000001
 43
0.00000001
 40
0.7113582694779521
 40
0.7113582694779521
 40
0.7113582694779521
 40
0.7113582694779521
 40
0.8711026403767784
 40
0.8711026403767784
 40
0.8711026403767784
 40
0.8711026403767784
 10
400.6657535077646
 20
274.2582155207899
 30
0.0
 10
398.3182023514283
 20
275.0048707151947
 30
0.0
 10
395.9581917219571
 20
275.7106366104134
 30
0.0
 10
393.5794785255239
 20
276.3551685797875
 30
0.0
  0
ARC
  5
2A8
330
1F
100
AcDbEntity
  8
0
  6
Continuous
 62
     7
370
    25
100
AcDbCircle
 10
392.2596003616
 20
277.5042645864
 30
0.0
 40
1.750000000000066
100
AcDbArc
 50
318.956920834
 51
192.0397359535
  0
SPLINE
  5
2A9
330
1F
100
AcDbEntity
  8
0
  6
Continuous
 62
     7
370
    25
100
AcDbSpline
210
0.0
220
0.0
230
1.0
 70
     8
 71
     3
 72
     8
 73
     4
 74
     0
 42
0.00000001
 43
0.00000001
 40
0.938725294581089
 40
0.938725294581089
 40
0.938725294581089
 40
0.938725294581089
 40
1.0
 40
1.0
 40
1.0
 40
1.0
 10
390.5480948071964
 20
277.1392320708929
 30
0.0
 10
389.6291657677687
 20
277.3651771955444
 30
0.0
 10
388.707096109463
 20
277.580845614035
 30
0.0
 10
387.7815334882894
 20
277.7850891285111
 30
0.0
  0
LINE
  5
2AA
330
1F
100
AcDbEntity
  8
0
  6
Continuous
 62
     7
370
    25
100
AcDbLine
 10
390.9914059239
 20
276.2983695378
 30
0.0
 11
387.7815334883
 21
277.7850891285
 31
0.0
  0
ARC
  5
2AB
330
1F
100
AcDbEntity
  8
0
  6
Continuous
 62
     7
370
    25
100
AcDbCircle
 10
392.2596003616
 20
277.5042645864
 30
0.0
 40
1.750000000000041
100
AcDbArc
 50
223.557555038
 51
266.7380436566
  0
LINE
  5
2AC
330
1F
100
AcDbEntity
  8
0
  6
Continuous
 62
     7
370
    25
100
AcDbLine
 10
395.3961599772
 20
274.2582155208
 30
0.0
 11
392.1600233871
 21
275.7570999043
 31
0.0
  0
SPLINE
  5
2AD
330
1F
100
AcDbEntity
  8
0
  6
Continuous
 62
     7
370
    25
100
AcDbSpline
210
0.0
220
0.0
230
1.0
 70
     8
 71
     3
 72
     8
 73
     4
 74
     0
 42
0.00000001
 43
0.00000001
 40
0.3015877077605565
 40
0.3015877077605565
 40
0.3015877077605565
 40
0.3015877077605565
 40
1.0
 40
1.0
 40
1.0
 40
1.0
 10
481.5262671311181
 20
318.5847923622002
 30
0.0
 10
486.9978389706347
 20
314.3140754312584
 30
0.0
 10
494.0429947657963
 20
309.9898433471958
 30
0.0
 10
500.3144783188905
 20
312.39903983956
 30
0.0
  0
LINE
  5
2AE
330
1F
100
AcDbEntity
  8
0
  6
Continuous
 62
     7
370
    25
100
AcDbLine
 10
503.1208226444
 20
315.2131728678
 30
0.0
 11
500.3144783189
 21
312.3990398396
 31
0.0
  0
LINE
  5
2AF
330
1F
100
AcDbEntity
  8
0
  6
Continuous
 62
     7
370
    25
100
AcDbLine
 10
447.4133683316
 20
179.0746513582
 30
0.0
 11
435.9358960711
 21
179.0746513582
 31
0.0
  0
ARC
  5
2B0
330
1F
100
AcDbEntity
  8
0
  6
Continuous
 62
     7
370
    25
100
AcDbCircle
 10
443.08855957
 20
65.0903801107
 30
0.0
 40
1.750000000000007
100
AcDbArc
 50
93.6231005835
 51
266.5031131329
  0
ARC
  5
2B1
330
1F
100
AcDbEntity
  8
0
  6
Continuous
 62
     7
370
    25
100
AcDbCircle
 10
414.8042883226
 20
93.3746513582
 30
0.0
 40
17.99999999999994
100
AcDbArc
 50
275.7516930158
 51
163.7181611766
  0
LINE
  5
2B2
330
1F
100
AcDbEntity
  8
0
  6
Continuous
 62
     7
370
    25
100
AcDbLine
 10
356.2642883226
 20
179.0746513582
 30
0.0
 11
356.2642883226
 21
227.0592261146
 31
0.0
  0
LINE
  5
2B3
330
1F
100
AcDbEntity
  8
0
  6
Continuous
 62
     7
370
    25
100
AcDbLine
 10
432.0696890295
 20
179.0746513582
 30
0.0
 11
356.2642883226
 21
179.0746513582
 31
0.0
  0
SPLINE
  5
2B4
330
1F
100
AcDbEntity
  8
0
  6
Continuous
 62
     7
370
    25
100
AcDbSpline
210
0.0
220
0.0
230
1.0
 70
     8
 71
     3
 72
     8
 73
     4
 74
     0
 42
0.00000001
 43
0.00000001
 40
0.6462898643663099
 40
0.6462898643663099
 40
0.6462898643663099
 40
0.6462898643663099
 40
1.0
 40
1.0
 40
1.0
 40
1.0
 10
432.0696890295131
 20
179.0746513581957
 30
0.0
 10
428.1388552863459
 20
161.3985397114295
 30
0.0
 10
424.9272239541545
 20
143.5754130095209
 30
0.0
 10
423.636066966464
 20
125.4031270028651
 30
0.0
  0
SPLINE
  5
2B5
330
1F
100
AcDbEntity
  8
0
  6
Continuous
 62
     7
370
    25
100
AcDbSpline
210
0.0
220
0.0
230
1.0
 70
     8
 71
     3
 72
     9
 73
     5
 74
     0
 42
0.00000001
 43
0.00000001
 40
0.0
 40
0.0
 40
0.0
 40
0.0
 40
0.3508099232186416
 40
0.4454359177056309
 40
0.4454359177056309
 40
0.4454359177056309
 40
0.4454359177056309
 10
423.636066966464
 20
125.4031270028652
 30
0.0
 10
426.5599967428934
 20
139.5685286327239
 30
0.0
 10
430.6652440988857
 20
157.4453598736804
 30
0.0
 10
434.9562339584728
 20
175.3008939457271
 30
0.0
 10
435.9358960735041
 20
179.0746513575844
 30
0.0
  0
ELLIPSE
  5
2B6
330
1F
100
AcDbEntity
  8
0
  6
Continuous
 62
     7
370
    25
100
AcDbEllipse
 10
435.8042883226
 20
346.9809506393
 30
0.0
 11
0.0
 21
-2.162247601260162
 31
-2.220446049250313E-16
210
0.0
220
-1.026915718605137E-16
230
1.0
 40
0.9249634495
 41
0.0
 42
6.283185307179586
  0
ELLIPSE
  5
2B7
330
1F
100
AcDbEntity
  8
0
  6
Continuous
 62
     7
370
    25
100
AcDbEllipse
 10
379.8042883226
 20
361.986948992
 30
0.0
 11
0.0
 21
-2.162247601260106
 31
-2.220446049250313E-16
210
0.0
220
-1.026915718605164E-16
230
1.0
 40
0.9249634495
 41
0.0
 42
6.283185307179586
  0
ELLIPSE
  5
2B8
330
1F
100
AcDbEntity
  8
0
  6
Continuous
 62
     7
370
    25
100
AcDbEllipse
 10
400.0892883226
 20
322.8255395493
 30
0.0
 11
0.0
 21
-1.891966651102621
 31
0.0
210
0.0
220
0.0
230
1.0
 40
0.9249634495
 41
0.0
 42
6.283185307179586
  0
ELLIPSE
  5
2B9
330
1F
100
AcDbEntity
  8
0
  6
Continuous
 62
     7
370
    25
100
AcDbEllipse
 10
409.6938224538
 20
326.6048937924
 30
0.0
 11
0.0
 21
-1.891966651102564
 31
0.0
210
0.0
220
0.0
230
1.0
 40
0.9249634495
 41
0.0
 42
6.283185307179586
  0
ELLIPSE
  5
2BA
330
1F
100
AcDbEntity
  8
0
  6
Continuous
 62
     7
370
    25
100
AcDbEllipse
 10
419.9147541913
 20
326.6048937924
 30
0.0
 11
0.0
 21
-1.891966651102564
 31
0.0
210
0.0
220
0.0
230
1.0
 40
0.9249634495
 41
0.0
 42
6.283185307179586
  0
ELLIPSE
  5
2BB
330
1F
100
AcDbEntity
  8
0
  6
Continuous
 62
     7
370
    25
100
AcDbEllipse
 10
429.5192883226
 20
322.8255395493
 30
0.0
 11
0.0
 21
-1.891966651102166
 31
0.0
210
0.0
220
0.0
230
1.0
 40
0.9249634495
 41
0.0
 42
6.283185307179586
  0
ELLIPSE
  5
2BC
330
1F
100
AcDbEntity
  8
0
  6
Continuous
 62
     7
370
    25
100
AcDbEllipse
 10
346.3042883226
 20
242.696732858
 30
0.0
 11
0.0
 21
2.162247601260134
 31
0.0
210
2.220446049250313E-16
220
0.0
230
1.0
 40
0.9249634495
 41
1.899744377703952
 42
4.38344092954551
  0
ARC
  5
2BD
330
1F
100
AcDbEntity
  8
0
  6
Continuous
 62
     7
370
    25
100
AcDbCircle
 10
414.8042883226
 20
499.4683565207
 30
0.0
 40
18.00000000000001
100
AcDbArc
 50
118.2131073422
 51
275.2436384006
  0
SPLINE
  5
2BE
330
1F
100
AcDbEntity
  8
0
  6
Continuous
 62
     7
370
    25
100
AcDbSpline
210
0.0
220
0.0
230
1.0
 70
     8
 71
     3
 72
     9
 73
     5
 74
     0
 42
0.00000001
 43
0.00000001
 40
0.0
 40
0.0
 40
0.0
 40
0.0
 40
0.3762571433189705
 40
1.0
 40
1.0
 40
1.0
 40
1.0
 10
416.9286256295481
 20
388.5282740994567
 30
0.0
 10
419.0523094465842
 20
390.572904357226
 30
0.0
 10
425.5782912630335
 20
394.1156287691599
 30
0.0
 10
433.2543110002513
 20
394.7975639962773
 30
0.0
 10
437.8087907892999
 20
395.1469538395062
 30
0.0
  0
LINE
  5
2BF
330
1F
100
AcDbEntity
  8
0
  6
Continuous
 62
     7
370
    25
100
AcDbLine
 10
416.9286256295
 20
388.5282740995
 30
0.0
 11
409.9930359552
 21
381.8508598866
 31
0.0
  0
LINE
  5
2C0
330
1F
100
AcDbEntity
  8
0
  6
Continuous
 62
     7
370
    25
100
AcDbLine
 10
409.9930359552
 20
381.8508598866
 30
0.0
 11
428.1018264924
 21
383.1559979433
 31
0.0
  0
LINE
  5
2C1
330
1F
100
AcDbEntity
  8
0
  6
Continuous
 62
     7
370
    25
100
AcDbLine
 10
428.1018264924
 20
383.1559979433
 30
0.0
 11
437.8087907893
 21
395.1469538395
 31
0.0
  0
CIRCLE
  5
2C2
330
1F
100
AcDbEntity
  8
0
  6
Continuous
 62
     7
370
    25
100
AcDbCircle
 10
424.8042883226
 20
405.8683565207
 30
0.0
 40
2.0
  0
SPLINE
  5
2C3
330
1F
100
AcDbEntity
  8
0
  6
Continuous
 62
     7
370
    25
100
AcDbSpline
210
0.0
220
0.0
230
1.0
 70
     8
 71
     3
 72
     8
 73
     4
 74
     0
 42
0.00000001
 43
0.00000001
 40
0.2559920504369715
 40
0.2559920504369715
 40
0.2559920504369715
 40
0.2559920504369715
 40
1.0
 40
1.0
 40
1.0
 40
1.0
 10
492.9722214088346
 20
365.7837817628931
 30
0.0
 10
491.822905667508
 20
368.622561440735
 30
0.0
 10
490.2950065224454
 20
371.2646915159371
 30
0.0
 10
488.3885239736467
 20
373.7101719884996
 30
0.0
  0
LINE
  5
2C4
330
1F
100
AcDbEntity
  8
0
  6
Continuous
 62
     7
370
    25
100
AcDbLine
 10
483.9314677485
 20
377.9928871174
 30
0.0
 11
488.3885239736
 21
373.7101719885
 31
0.0
  0
SPLINE
  5
2C5
330
1F
100
AcDbEntity
  8
0
  6
Continuous
 62
     7
370
    25
100
AcDbSpline
210
0.0
220
0.0
230
1.0
 70
     8
 71
     3
 72
     9
 73
     5
 74
     0
 42
0.00000001
 43
0.00000001
 40
0.0
 40
0.0
 40
0.0
 40
0.0
 40
0.6756533305741315
 40
1.0
 40
1.0
 40
1.0
 40
1.0
 10
483.931467748495
 20
377.9928871174099
 30
0.0
 10
480.4246359913045
 20
376.7433341425709
 30
0.0
 10
475.5248447959088
 20
374.5371571925564
 30
0.0
 10
470.4395667009082
 20
372.2172021455935
 30
0.0
 10
469.1612115071451
 20
370.9709189237553
 30
0.0
  0
LINE
  5
2C6
330
1F
100
AcDbEntity
  8
0
  6
Continuous
 62
     7
370
    25
100
AcDbLine
 10
463.8405880626
 20
365.7837817643
 30
0.0
 11
469.1612115071
 21
370.9709189238
 31
0.0
  0
ARC
  5
2C7
330
1F
100
AcDbEntity
  8
0
  6
Continuous
 62
     7
370
    25
100
AcDbCircle
 10
377.8042883226
 20
390.8683565207
 30
0.0
 40
2.000000000000029
100
AcDbArc
 50
301.0856455485
 51
330.8940087572
  0
ARC
  5
2C8
330
1F
100
AcDbEntity
  8
0
  6
Continuous
 62
     7
370
    25
100
AcDbCircle
 10
392.2596003616
 20
277.5042645864
 30
0.0
 40
1.750000000000066
100
AcDbArc
 50
192.0397359535
 51
223.557555038
  0
ELLIPSE
  5
2C9
330
1F
100
AcDbEntity
  8
0
  6
Continuous
 62
     7
370
    25
100
AcDbEllipse
 10
395.3042883226
 20
248.9996846157
 30
0.0
 11
0.0
 21
2.162247601260134
 31
0.0
210
2.220446049250313E-16
220
0.0
230
1.0
 40
0.9249634495
 41
1.899744377044236
 42
4.383440930137884
  0
ARC
  5
2CA
330
1F
100
AcDbEntity
  8
0
  6
Continuous
 62
     7
370
    25
100
AcDbCircle
 10
392.2596003616
 20
277.5042645864
 30
0.0
 40
1.750000000000041
100
AcDbArc
 50
266.7380436566
 51
318.956920834
  0
ELLIPSE
  5
2CB
330
1F
100
AcDbEntity
  8
0
  6
Continuous
 62
     7
370
    25
100
AcDbEllipse
 10
429.5192883226
 20
270.0174683296
 30
0.0
 11
0.0
 21
1.891966651102621
 31
0.0
210
0.0
220
0.0
230
1.0
 40
0.9249634495
 41
0.0
 42
6.283185307179586
  0
ELLIPSE
  5
2CC
330
1F
100
AcDbEntity
  8
0
  6
Continuous
 62
     7
370
    25
100
AcDbEllipse
 10
419.9147541913
 20
266.2381140864
 30
0.0
 11
0.0
 21
1.891966651102621
 31
0.0
210
0.0
220
0.0
230
1.0
 40
0.9249634495
 41
4.453372029380725
 42
7.437576847743572
  0
ELLIPSE
  5
2CD
330
1F
100
AcDbEntity
  8
0
  6
Continuous
 62
     7
370
    25
100
AcDbEllipse
 10
379.8042883226
 20
360.589930935
 30
0.0
 11
0.0
 21
-2.162247601260162
 31
-2.220446049250313E-16
210
0.0
220
-1.026915718605137E-16
230
1.0
 40
0.9249634495
 41
1.899744377036172
 42
4.383440930143226
  0
ELLIPSE
  5
2CE
330
1F
100
AcDbEntity
  8
0
  6
Continuous
 62
     7
370
    25
100
AcDbEllipse
 10
400.0892883226
 20
271.4144863866
 30
0.0
 11
0.0
 21
1.891966651102564
 31
0.0
210
2.537652627714561E-16
220
0.0
230
1.0
 40
0.9249634495
 41
1.948941506160488
 42
4.334243801018593
  0
ELLIPSE
  5
2CF
330
1F
100
AcDbEntity
  8
0
  6
Continuous
 62
     7
370
    25
100
AcDbEllipse
 10
409.6938224538
 20
267.6351321434
 30
0.0
 11
0.0
 21
1.891966651102905
 31
0.0
210
2.537652627714314E-16
220
0.0
230
1.0
 40
0.9249634495
 41
1.948941506161984
 42
4.334243801017712
  0
ELLIPSE
  5
2D0
330
1F
100
AcDbEntity
  8
0
  6
Continuous
 62
     7
370
    25
100
AcDbEllipse
 10
400.0892883226
 20
321.4285214922
 30
0.0
 11
0.0
 21
-1.891966651102678
 31
-2.220446049250313E-16
210
0.0
220
-1.173617964120134E-16
230
1.0
 40
0.9249634495
 41
1.948941506161905
 42
4.334243801017655
  0
ELLIPSE
  5
2D1
330
1F
100
AcDbEntity
  8
0
  6
Continuous
 62
     7
370
    25
100
AcDbEllipse
 10
419.9147541913
 20
267.6351321434
 30
0.0
 11
0.0
 21
1.891966651102564
 31
0.0
210
2.537652627714643E-16
220
0.0
230
1.0
 40
0.9249634495
 41
1.948941506161977
 42
4.334243801017622
  0
ELLIPSE
  5
2D2
330
1F
100
AcDbEntity
  8
0
  6
Continuous
 62
     7
370
    25
100
AcDbEllipse
 10
409.6938224538
 20
325.2078757354
 30
0.0
 11
0.0
 21
-1.891966651102564
 31
-2.220446049250313E-16
210
0.0
220
-1.173617964120205E-16
230
1.0
 40
0.9249634495
 41
1.948941506162004
 42
4.334243801017514
  0
LINE
  5
2D3
330
1F
100
AcDbEntity
  8
0
  6
Continuous
 62
     7
370
    25
100
AcDbLine
 10
435.9358960711
 20
179.0746513582
 30
0.0
 11
432.0696890295
 21
179.0746513582
 31
0.0
  0
LINE
  5
2D4
330
1F
100
AcDbEntity
  8
0
  6
Continuous
 62
     7
370
    25
100
AcDbLine
 10
417.3593510293
 20
387.5393405973
 30
0.0
 11
420.4879377185
 21
389.9118081974
 31
0.0
  0
LINE
  5
2D5
330
1F
100
AcDbEntity
  8
0
  6
Continuous
 62
     7
370
    25
100
AcDbLine
 10
412.4142883226
 20
382.7783565207
 30
0.0
 11
417.3593510293
 21
387.5393405973
 31
0.0
  0
LINE
  5
2D6
330
1F
100
AcDbEntity
  8
0
  6
Continuous
 62
     7
370
    25
100
AcDbLine
 10
427.334579318
 20
383.8536928086
 30
0.0
 11
412.4142883226
 21
382.7783565207
 31
0.0
  0
LINE
  5
2D7
330
1F
100
AcDbEntity
  8
0
  6
Continuous
 62
     7
370
    25
100
AcDbLine
 10
435.2993287372
 20
393.6925009147
 30
0.0
 11
427.334579318
 21
383.8536928086
 31
0.0
  0
ARC
  5
2D8
330
1F
100
AcDbEntity
  8
0
  6
Continuous
 62
     7
370
    25
100
AcDbCircle
 10
449.0139903831
 20
284.550812931
 30
0.0
 40
110.0
100
AcDbArc
 50
97.1622039356
 51
102.5849031447
  0
LINE
  5
2D9
330
1F
100
AcDbEntity
  8
0
  6
Continuous
 62
     7
370
    25
100
AcDbLine
 10
420.4879377185
 20
389.9118081974
 30
0.0
 11
425.046520518
 21
391.9079756555
 31
0.0
  0
ELLIPSE
  5
2DA
330
1F
100
AcDbEntity
  8
0
  6
Continuous
 62
     7
370
    25
100
AcDbEllipse
 10
429.5192883226
 20
271.4144863866
 30
0.0
 11
0.0
 21
1.891966651102564
 31
0.0
210
2.537652627714643E-16
220
0.0
230
1.0
 40
0.9249634495
 41
1.948941506161051
 42
4.334243801019138
  0
ELLIPSE
  5
2DB
330
1F
100
AcDbEntity
  8
0
  6
Continuous
 62
     7
370
    25
100
AcDbEllipse
 10
419.9147541913
 20
325.2078757354
 30
0.0
 11
0.0
 21
-1.891966651102564
 31
-2.220446049250313E-16
210
0.0
220
-1.173617964120205E-16
230
1.0
 40
0.9249634495
 41
1.948941506161994
 42
4.334243801017577
  0
ELLIPSE
  5
2DC
330
1F
100
AcDbEntity
  8
0
  6
Continuous
 62
     7
370
    25
100
AcDbEllipse
 10
429.5192883226
 20
321.4285214922
 30
0.0
 11
0.0
 21
-1.891966651102223
 31
-2.220446049250313E-16
210
0.0
220
-1.173617964120416E-16
230
1.0
 40
0.9249634495
 41
1.948941506162045
 42
4.334243801017498
  0
LINE
  5
2DD
330
1F
100
AcDbEntity
  8
0
  6
Continuous
 62
     7
370
    25
100
AcDbLine
 10
455.0677610141
 20
237.7235633751
 30
0.0
 11
457.1169066596
 21
237.7235633751
 31
0.0
  0
ELLIPSE
  5
2DE
330
1F
100
AcDbEntity
  8
0
  6
Continuous
 62
     7
370
    25
100
AcDbEllipse
 10
435.8042883226
 20
345.5839325822
 30
0.0
 11
0.0
 21
-2.162247601260162
 31
-2.220446049250313E-16
210
0.0
220
-1.026915718605137E-16
230
1.0
 40
0.9249634495
 41
1.899744377036281
 42
4.383440930143284
  0
LINE
  5
2DF
330
1F
100
AcDbEntity
  8
0
  6
Continuous
 62
     7
370
    25
100
AcDbLine
 10
458.155748346
 20
179.0746513582
 30
0.0
 11
451.6044479836
 21
179.0746513582
 31
0.0
  0
LINE
  5
2E0
330
1F
100
AcDbEntity
  8
0
  6
Continuous
 62
     7
370
    25
100
AcDbLine
 10
552.1796481937
 20
223.9286009489
 30
0.0
 11
554.3513582691
 21
220.4531383282
 31
0.0
  0
LINE
  5
2E1
330
1F
100
AcDbEntity
  8
0
  6
Continuous
 62
     7
370
    25
100
AcDbLine
 10
554.3513582691
 20
220.4531383282
 30
0.0
 11
561.5597670864
 21
224.9574520742
 31
0.0
  0
ARC
  5
2E2
330
1F
100
AcDbEntity
  8
0
  6
Continuous
 62
     7
370
    25
100
AcDbCircle
 10
559.6310767409
 20
226.168521432
 30
0.0
 40
2.277396636141461
100
AcDbArc
 50
327.8743360771
 51
23.0233681042
  0
LINE
  5
2E3
330
1F
100
AcDbEntity
  8
0
  6
Continuous
 62
     7
370
    25
100
AcDbLine
 10
557.1896957438
 20
227.0592261146
 30
0.0
 11
552.1796481937
 21
223.9286009489
 31
0.0
  0
LINE
  5
2E4
330
1F
100
AcDbEntity
  8
0
  6
Continuous
 62
     7
370
    25
100
AcDbLine
 10
572.8208509868
 20
228.0091514744
 30
0.0
 11
576.5496194061
 21
230.5281624762
 31
0.0
  0
ELLIPSE
  5
2E5
330
1F
100
AcDbEntity
  8
0
  6
Continuous
 62
     7
370
    25
100
AcDbEllipse
 10
573.3195216931
 20
232.9035792871
 30
0.0
 11
0.0
 21
-4.223460132025082
 31
0.0
210
2.273564325759127E-16
220
0.0
230
1.0
 40
0.9249634495
 41
0.9734699531348231
 42
3.285133421731333
  0
LINE
  5
2E6
330
1F
100
AcDbEntity
  8
0
  6
Continuous
 62
     7
370
    25
100
AcDbLine
 10
572.7606966668
 20
237.0836040891
 30
0.0
 11
566.0191040443
 21
232.5292461683
 31
0.0
  0
LINE
  5
2E7
330
1F
100
AcDbEntity
  8
0
  6
Continuous
 62
     7
370
    25
100
AcDbLine
 10
566.0191040443
 20
232.5292461683
 30
0.0
 11
568.6316343024
 21
228.0091514744
 31
0.0
  0
LINE
  5
2E8
330
1F
100
AcDbEntity
  8
0
  6
Continuous
 62
     7
370
    25
100
AcDbLine
 10
569.6140163696
 20
227.0592261146
 30
0.0
 11
569.8080267835
 21
226.7487445502
 31
0.0
  0
LINE
  5
2E9
330
1F
100
AcDbEntity
  8
0
  6
Continuous
 62
     7
370
    25
100
AcDbLine
 10
569.8080267835
 20
226.7487445502
 30
0.0
 11
570.3049011517
 21
227.0592261146
 31
0.0
  0
LINE
  5
2EA
330
1F
100
AcDbEntity
  8
0
  6
Continuous
 62
     7
370
    25
100
AcDbLine
 10
580.9383590322
 20
242.3531473389
 30
0.0
 11
583.1100691076
 21
238.5957419814
 31
0.0
  0
LINE
  5
2EB
330
1F
100
AcDbEntity
  8
0
  6
Continuous
 62
     7
370
    25
100
AcDbLine
 10
583.1100691076
 20
238.5957419814
 30
0.0
 11
590.318477925
 21
243.4654627777
 31
0.0
  0
ELLIPSE
  5
2EC
330
1F
100
AcDbEntity
  8
0
  6
Continuous
 62
     7
370
    25
100
AcDbEllipse
 10
588.3897875794
 20
244.7747786847
 30
0.0
 11
0.0
 21
-2.462147706807002
 31
0.0
210
1.949986237805885E-16
220
0.0
230
1.0
 40
0.9249634495
 41
1.010097716951665
 42
3.248505657914454
  0
LINE
  5
2ED
330
1F
100
AcDbEntity
  8
0
  6
Continuous
 62
     7
370
    25
100
AcDbLine
 10
588.1467678496
 20
247.2228681352
 30
0.0
 11
580.9383590322
 21
242.3531473389
 31
0.0
  0
INSERT
  5
2F9
330
1F
100
AcDbEntity
  8
0
  6
Continuous
 62
     7
370
     0
100
AcDbBlockReference
  2
SW_CENTERMARKSYMBOL_0
 10
437.3489762836
 20
315.3387432925
 30
0.0
  0
INSERT
  5
305
330
1F
100
AcDbEntity
  8
0
  6
Continuous
 62
     7
370
     0
100
AcDbBlockReference
  2
SW_CENTERMARKSYMBOL_1
 10
392.2596003616
 20
315.3387432925
 30
0.0
  0
INSERT
  5
311
330
1F
100
AcDbEntity
  8
0
  6
Continuous
 62
     7
370
     0
100
AcDbBlockReference
  2
SW_CENTERMARKSYMBOL_2
 10
387.1491344928
 20
306.4871567575
 30
0.0
  0
INSERT
  5
31D
330
1F
100
AcDbEntity
  8
0
  6
Continuous
 62
     7
370
     0
100
AcDbBlockReference
  2
SW_CENTERMARKSYMBOL_3
 10
387.1491344928
 20
286.3558511214
 30
0.0
  0
INSERT
  5
329
330
1F
100
AcDbEntity
  8
0
  6
Continuous
 62
     7
370
     0
100
AcDbBlockReference
  2
SW_CENTERMARKSYMBOL_4
 10
385.3742883226
 20
296.4215039394
 30
0.0
  0
INSERT
  5
335
330
1F
100
AcDbEntity
  8
0
  6
Continuous
 62
     7
370
     0
100
AcDbBlockReference
  2
SW_CENTERMARKSYMBOL_5
 10
200.2242883226
 20
296.4215039394
 30
0.0
  0
INSERT
  5
341
330
1F
100
AcDbEntity
  8
0
  6
Continuous
 62
     7
370
     0
100
AcDbBlockReference
  2
SW_CENTERMARKSYMBOL_6
 10
629.3842883226
 20
296.4215039394
 30
0.0
  0
INSERT
  5
34D
330
1F
100
AcDbEntity
  8
0
  6
Continuous
 62
     7
370
     0
100
AcDbBlockReference
  2
SW_CENTERMARKSYMBOL_7
 10
414.8042883226
 20
296.4215039394
 30
0.0
  0
INSERT
  5
359
330
1F
100
AcDbEntity
  8
0
  6
Continuous
 62
     7
370
     0
100
AcDbBlockReference
  2
SW_CENTERMARKSYMBOL_8
 10
437.3489762836
 20
277.5042645864
 30
0.0
  0
INSERT
  5
365
330
1F
100
AcDbEntity
  8
0
  6
Continuous
 62
     7
370
     0
100
AcDbBlockReference
  2
SW_CENTERMARKSYMBOL_9
 10
442.4594421523
 20
286.3558511214
 30
0.0
  0
INSERT
  5
371
330
1F
100
AcDbEntity
  8
0
  6
Continuous
 62
     7
370
     0
100
AcDbBlockReference
  2
SW_CENTERMARKSYMBOL_10
 10
444.2342883226
 20
296.4215039394
 30
0.0
  0
INSERT
  5
37D
330
1F
100
AcDbEntity
  8
0
  6
Continuous
 62
     7
370
     0
100
AcDbBlockReference
  2
SW_CENTERMARKSYMBOL_11
 10
442.4594421523
 20
306.4871567575
 30
0.0
  0
INSERT
  5
389
330
1F
100
AcDbEntity
  8
0
  6
Continuous
 62
     7
370
     0
100
AcDbBlockReference
  2
SW_CENTERMARKSYMBOL_12
 10
463.8042883226
 20
286.4215039394
 30
0.0
  0
INSERT
  5
395
330
1F
100
AcDbEntity
  8
0
  6
Continuous
 62
     7
370
     0
100
AcDbBlockReference
  2
SW_CENTERMARKSYMBOL_13
 10
359.8042883226
 20
312.4215039394
 30
0.0
  0
INSERT
  5
3A1
330
1F
100
AcDbEntity
  8
0
  6
Continuous
 62
     7
370
     0
100
AcDbBlockReference
  2
SW_CENTERMARKSYMBOL_14
 10
424.8042883226
 20
405.8683565207
 30
0.0
  0
INSERT
  5
3AD
330
1F
100
AcDbEntity
  8
0
  6
Continuous
 62
     7
370
     0
100
AcDbBlockReference
  2
SW_CENTERMARKSYMBOL_15
 10
414.8042883226
 20
539.4683565207
 30
0.0
  0
INSERT
  5
3B9
330
1F
100
AcDbEntity
  8
0
  6
Continuous
 62
     7
370
     0
100
AcDbBlockReference
  2
SW_CENTERMARKSYMBOL_16
 10
443.08855957
 20
527.7526277681
 30
0.0
  0
INSERT
  5
3C5
330
1F
100
AcDbEntity
  8
0
  6
Continuous
 62
     7
370
     0
100
AcDbBlockReference
  2
SW_CENTERMARKSYMBOL_17
 10
454.8042883226
 20
499.4683565207
 30
0.0
  0
INSERT
  5
3D1
330
1F
100
AcDbEntity
  8
0
  6
Continuous
 62
     7
370
     0
100
AcDbBlockReference
  2
SW_CENTERMARKSYMBOL_18
 10
374.8042883226
 20
499.4683565207
 30
0.0
  0
INSERT
  5
3DD
330
1F
100
AcDbEntity
  8
0
  6
Continuous
 62
     7
370
     0
100
AcDbBlockReference
  2
SW_CENTERMARKSYMBOL_19
 10
386.5200170751
 20
527.7526277681
 30
0.0
  0
INSERT
  5
3E9
330
1F
100
AcDbEntity
  8
0
  6
Continuous
 62
     7
370
     0
100
AcDbBlockReference
  2
SW_CENTERMARKSYMBOL_20
 10
288.7736703603
 20
390.0974168951
 30
0.0
  0
INSERT
  5
3F5
330
1F
100
AcDbEntity
  8
0
  6
Continuous
 62
     7
370
     0
100
AcDbBlockReference
  2
SW_CENTERMARKSYMBOL_21
 10
454.8042883226
 20
93.3746513582
 30
0.0
  0
INSERT
  5
401
330
1F
100
AcDbEntity
  8
0
  6
Continuous
 62
     7
370
     0
100
AcDbBlockReference
  2
SW_CENTERMARKSYMBOL_22
 10
414.8042883226
 20
53.3746513582
 30
0.0
  0
INSERT
  5
40D
330
1F
100
AcDbEntity
  8
0
  6
Continuous
 62
     7
370
     0
100
AcDbBlockReference
  2
SW_CENTERMARKSYMBOL_23
 10
386.5200170751
 20
65.0903801107
 30
0.0
  0
INSERT
  5
419
330
1F
100
AcDbEntity
  8
0
  6
Continuous
 62
     7
370
     0
100
AcDbBlockReference
  2
SW_CENTERMARKSYMBOL_24
 10
374.8042883226
 20
93.3746513582
 30
0.0
  0
ENDSEC
  0
SECTION
  2
OBJECTS
  0
DICTIONARY
  5
C
330
0
100
AcDbDictionary
281
     1
  3
ACAD_GROUP
350
D
  3
ACAD_LAYOUT
350
1A
  3
ACAD_MLINESTYLE
350
17
  3
ACAD_PLOTSETTINGS
350
19
  3
ACAD_PLOTSTYLENAME
350
E
  3
ACAD_SCALELIST
350
47
  3
DWGPROPS
350
41A
  0
DICTIONARY
  5
D
102
{ACAD_REACTORS
330
C
102
}
330
C
100
AcDbDictionary
281
     1
  0
DICTIONARY
  5
1A
102
{ACAD_REACTORS
330
C
102
}
330
C
100
AcDbDictionary
281
     1
  3
Layout1
350
1E
  3
Layout2
350
26
  3
Model
350
22
  0
DICTIONARY
  5
17
102
{ACAD_REACTORS
330
C
102
}
330
C
100
AcDbDictionary
281
     1
  3
Standard
350
18
  0
DICTIONARY
  5
19
102
{ACAD_REACTORS
330
C
102
}
330
C
100
AcDbDictionary
281
     1
  0
ACDBDICTIONARYWDFLT
  5
E
102
{ACAD_REACTORS
330
C
102
}
330
C
100
AcDbDictionary
281
     1
  3
Normal
350
F
100
AcDbDictionaryWithDefault
340
F
  0
DICTIONARY
  5
47
102
{ACAD_REACTORS
330
C
102
}
330
C
100
AcDbDictionary
281
     1
  3
A0
350
48
  3
A1
350
49
  3
A2
350
4A
  3
A3
350
4B
  3
A4
350
4C
  3
A5
350
4D
  3
A6
350
4E
  3
A7
350
4F
  3
A8
350
50
  3
A9
350
51
  3
B0
350
52
  3
B1
350
53
  3
B2
350
54
  3
B3
350
55
  3
B4
350
56
  3
B5
350
57
  3
B6
350
58
  0
XRECORD
  5
41A
102
{ACAD_REACTORS
330
C
102
}
330
C
100
AcDbXrecord
280
     1
  1
DWGPROPS COOKIE
  2

  3

  4

  6

  7

  8
di_ce
  9

300
=
301
=
302
=
303
=
304
=
305
=
306
=
307
=
308
=
309
=
 40
0.0
 41
2461257.916717385
 42
2461257.916719977
  1

 90
        0
  0
LAYOUT
  5
1E
102
{ACAD_REACTORS
330
1A
102
}
330
1A
100
AcDbPlotSettings
  1

  2
none_device
  4

  6

 40
0.0
 41
0.0
 42
0.0
 43
0.0
 44
0.0
 45
0.0
 46
0.0
 47
0.0
 48
0.0
 49
0.0
140
0.0
141
0.0
142
1.0
143
1.0
 70
   688
 72
     1
 73
     0
 74
     5
  7

 75
    16
147
1.0
148
0.0
149
0.0
100
AcDbLayout
  1
Layout1
 70
     1
 71
     1
 10
0.0
 20
0.0
 11
420.0
 21
297.0
 12
0.0
 22
0.0
 32
0.0
 14
1.0000000000E+20
 24
1.0000000000E+20
 34
1.0000000000E+20
 15
-1.0000000000E+20
 25
-1.0000000000E+20
 35
-1.0000000000E+20
146
0.0
 13
0.0
 23
0.0
 33
0.0
 16
1.0
 26
0.0
 36
0.0
 17
0.0
 27
1.0
 37
0.0
 76
     0
330
1B
  0
LAYOUT
  5
26
102
{ACAD_REACTORS
330
1A
102
}
330
1A
100
AcDbPlotSettings
  1

  2
none_device
  4

  6

 40
0.0
 41
0.0
 42
0.0
 43
0.0
 44
0.0
 45
0.0
 46
0.0
 47
0.0
 48
0.0
 49
0.0
140
0.0
141
0.0
142
1.0
143
1.0
 70
   688
 72
     1
 73
     0
 74
     5
  7

 75
    16
147
1.0
148
0.0
149
0.0
100
AcDbLayout
  1
Layout2
 70
     1
 71
     2
 10
0.0
 20
0.0
 11
0.0
 21
0.0
 12
0.0
 22
0.0
 32
0.0
 14
0.0
 24
0.0
 34
0.0
 15
0.0
 25
0.0
 35
0.0
146
0.0
 13
0.0
 23
0.0
 33
0.0
 16
1.0
 26
0.0
 36
0.0
 17
0.0
 27
1.0
 37
0.0
 76
     0
330
23
  0
LAYOUT
  5
22
102
{ACAD_REACTORS
330
1A
102
}
330
1A
100
AcDbPlotSettings
  1

  2
none_device
  4
Letter_(8.50_x_11.00_Inches)
  6

 40
6.35
 41
6.35
 42
6.35000508
 43
6.35000508
 44
215.9
 45
279.4
 46
0.0
 47
0.0
 48
0.0
 49
0.0
140
0.0
141
0.0
142
1.0
143
1.0
 70
  1712
 72
     1
 73
     0
 74
     0
  7

 75
     0
147
1.0
148
0.0
149
0.0
100
AcDbLayout
  1
Model
 70
     1
 71
     0
 10
0.0
 20
0.0
 11
841.0
 21
594.0
 12
0.0
 22
0.0
 32
0.0
 14
0.0
 24
0.0
 34
0.0
 15
841.0
 25
594.0
 35
0.0
146
0.0
 13
0.0
 23
0.0
 33
0.0
 16
1.0
 26
0.0
 36
0.0
 17
0.0
 27
1.0
 37
0.0
 76
     0
330
1F
331
29
  0
MLINESTYLE
  5
18
102
{ACAD_REACTORS
330
17
102
}
330
17
100
AcDbMlineStyle
  2
Standard
 70
     0
  3

 62
   256
 51
90.0
 52
90.0
 71
     2
 49
0.5
 62
   256
  6
BYLAYER
 49
-0.5
 62
   256
  6
BYLAYER
  0
ACDBPLACEHOLDER
  5
F
102
{ACAD_REACTORS
330
E
102
}
330
E
  0
SCALE
  5
48
102
{ACAD_REACTORS
330
47
102
}
330
47
100
AcDbScale
 70
     0
300
1:1
140
1.0
141
1.0
290
     1
  0
SCALE
  5
49
102
{ACAD_REACTORS
330
47
102
}
330
47
100
AcDbScale
 70
     0
300
1:2
140
1.0
141
2.0
290
     0
  0
SCALE
  5
4A
102
{ACAD_REACTORS
330
47
102
}
330
47
100
AcDbScale
 70
     0
300
1:4
140
1.0
141
4.0
290
     0
  0
SCALE
  5
4B
102
{ACAD_REACTORS
330
47
102
}
330
47
100
AcDbScale
 70
     0
300
1:5
140
1.0
141
5.0
290
     0
  0
SCALE
  5
4C
102
{ACAD_REACTORS
330
47
102
}
330
47
100
AcDbScale
 70
     0
300
1:8
140
1.0
141
8.0
290
     0
  0
SCALE
  5
4D
102
{ACAD_REACTORS
330
47
102
}
330
47
100
AcDbScale
 70
     0
300
1:10
140
1.0
141
10.0
290
     0
  0
SCALE
  5
4E
102
{ACAD_REACTORS
330
47
102
}
330
47
100
AcDbScale
 70
     0
300
1:16
140
1.0
141
16.0
290
     0
  0
SCALE
  5
4F
102
{ACAD_REACTORS
330
47
102
}
330
47
100
AcDbScale
 70
     0
300
1:20
140
1.0
141
20.0
290
     0
  0
SCALE
  5
50
102
{ACAD_REACTORS
330
47
102
}
330
47
100
AcDbScale
 70
     0
300
1:30
140
1.0
141
30.0
290
     0
  0
SCALE
  5
51
102
{ACAD_REACTORS
330
47
102
}
330
47
100
AcDbScale
 70
     0
300
1:40
140
1.0
141
40.0
290
     0
  0
SCALE
  5
52
102
{ACAD_REACTORS
330
47
102
}
330
47
100
AcDbScale
 70
     0
300
1:50
140
1.0
141
50.0
290
     0
  0
SCALE
  5
53
102
{ACAD_REACTORS
330
47
102
}
330
47
100
AcDbScale
 70
     0
300
1:100
140
1.0
141
100.0
290
     0
  0
SCALE
  5
54
102
{ACAD_REACTORS
330
47
102
}
330
47
100
AcDbScale
 70
     0
300
2:1
140
2.0
141
1.0
290
     0
  0
SCALE
  5
55
102
{ACAD_REACTORS
330
47
102
}
330
47
100
AcDbScale
 70
     0
300
4:1
140
4.0
141
1.0
290
     0
  0
SCALE
  5
56
102
{ACAD_REACTORS
330
47
102
}
330
47
100
AcDbScale
 70
     0
300
8:1
140
8.0
141
1.0
290
     0
  0
SCALE
  5
57
102
{ACAD_REACTORS
330
47
102
}
330
47
100
AcDbScale
 70
     0
300
10:1
140
10.0
141
1.0
290
     0
  0
SCALE
  5
58
102
{ACAD_REACTORS
330
47
102
}
330
47
100
AcDbScale
 70
     0
300
100:1
140
100.0
141
1.0
290
     0
  0
ENDSEC
  0
EOF
